id,width,source,url,updated_at,height,created_at,workout_id,medium_type,exif_datetime,thumbnail_url,exif_location_latitude,exif_location_longitude
679751220,1400,camera,https://cdn.gymrats.app/a4dcb96d-9733-495d-876b-3d8f892ef35d.jpg,2026-05-04T10:08:55,1866,2026-05-04T10:08:55,616983236,image/jpg,2026-05-04T10:07:55,,,
679758963,540,library,https://cdn.gymrats.app/bf2a1ce6-6d87-4b00-aa1a-2973814aee2d.mp4,2026-05-04T10:14:59,960,2026-05-04T10:14:59,616991569,video/mp4,2026-05-04T10:13:31,https://cdn.gymrats.app/e0363415-9818-4265-bd93-656359a79307.jpg,,
679835034,1400,library,https://cdn.gymrats.app/6751ebd3-581a-413a-beec-ac54aa329421.jpg,2026-05-04T11:16:17,2486,2026-05-04T11:16:17,617069835,image/jpg,2026-05-04T11:12:30,https://cdn.gymrats.app/6751ebd3-581a-413a-beec-ac54aa329421.jpg,,
679894834,1400,library,https://cdn.gymrats.app/0b368600-6907-4d21-b528-194031db2492.jpg,2026-05-04T12:08:35,1866,2026-05-04T12:08:35,617136817,image/jpg,2026-05-04T12:07:29,,,
679923928,1178,library,https://cdn.gymrats.app/357cd6f8-31ea-43e0-b553-93e44fb72efd.jpg,2026-05-04T12:35:03,2556,2026-05-04T12:35:03,617163530,image/jpg,2026-05-04T12:34:47,,,
679922862,1400,library,https://cdn.gymrats.app/25ace40d-ac91-4495-b2cc-10008937ec27.jpg,2026-05-04T12:34:03,2488,2026-05-04T12:34:03,617163530,image/jpg,2026-05-04T11:49:29,,-23.567313333333335,-46.687145
680149284,1400,library,https://cdn.gymrats.app/8b92d064-712e-4f44-b5db-81d8bd49b76a.jpg,2026-05-04T16:30:17,1866,2026-05-04T16:30:17,617389549,image/jpg,2026-05-04T16:29:18,,,
680149283,1206,library,https://cdn.gymrats.app/f4a470f8-56de-4e2f-9d16-b63c74b4aaa2.jpg,2026-05-04T16:30:17,2436,2026-05-04T16:30:17,617389549,image/jpg,2026-05-04T16:27:15,,,
680152612,1400,library,https://cdn.gymrats.app/a0e2699f-1cf2-4d4b-ae7e-b70a4401324f.jpg,2026-05-04T16:33:51,1400,2026-05-04T16:33:51,617393025,image/jpg,2026-05-04T16:08:06,,,
680227189,1400,library,https://cdn.gymrats.app/3b6ef066-38d2-4d77-9083-e18d57b43b77.jpg,2026-05-04T18:02:45,1866,2026-05-04T18:02:45,617417617,image/jpg,2026-05-04T16:51:50,,,
680213561,1400,camera,https://cdn.gymrats.app/1218c90c-d11e-4b65-9136-327e9801cabc.jpg,2026-05-04T17:45:44,1866,2026-05-04T17:45:44,617451084,image/jpg,2026-05-04T17:45:20,,,
680839928,1400,camera,https://cdn.gymrats.app/9ba3fdb6-c5bc-4d94-8c1a-531cfa0cb4f1.jpg,2026-05-04T23:33:17,1866,2026-05-04T23:33:17,618062514,image/jpg,2026-05-04T23:33:05,,,
681062111,1400,library,https://cdn.gymrats.app/1f970b2c-92d7-4db6-b84d-09bf153a1cf9.jpg,2026-05-05T00:52:48,1400,2026-05-05T00:52:48,618272469,image/jpg,2026-05-05T00:22:11,,,
681378835,1400,library,https://cdn.gymrats.app/18e5606b-32e9-4ab4-bd5b-c3f47458f2d3.jpg,2026-05-05T10:04:08,1866,2026-05-05T10:04:08,618572658,image/jpg,2026-05-05T09:50:18,https://cdn.gymrats.app/18e5606b-32e9-4ab4-bd5b-c3f47458f2d3.jpg,,
681400063,1400,library,https://cdn.gymrats.app/0126e19c-98f1-4aad-9de8-1e517e920898.jpg,2026-05-05T10:16:54,1866,2026-05-05T10:16:54,618598487,image/jpg,2026-05-05T10:16:32,https://cdn.gymrats.app/0126e19c-98f1-4aad-9de8-1e517e920898.jpg,,
681398400,1400,library,https://cdn.gymrats.app/e130dfe4-a61c-46d9-8956-3b6d85e559e8.jpg,2026-05-05T10:15:48,1866,2026-05-05T10:15:48,618599498,image/jpg,2026-05-05T10:14:40,https://cdn.gymrats.app/e130dfe4-a61c-46d9-8956-3b6d85e559e8.jpg,,
681614711,1296,library,https://cdn.gymrats.app/ef4ff8eb-750c-40e8-a258-01460439f4e6.jpg,2026-05-05T12:56:11,1426,2026-05-05T12:56:11,618819194,image/jpg,,,,
681607513,828,library,https://cdn.gymrats.app/45a9eb05-60ed-4054-9003-ef909f1d6df8.jpg,2026-05-05T12:49:02,1792,2026-05-05T12:49:02,618819194,image/jpg,2026-05-05T12:42:02,,,
681616728,1206,library,https://cdn.gymrats.app/792d6620-ba7f-43ff-a795-8c55c2adb69a.jpg,2026-05-05T12:58:12,2622,2026-05-05T12:58:12,618828828,image/jpg,2026-05-05T12:57:12,,,
681628036,1400,library,https://cdn.gymrats.app/85a246e1-2358-486e-8c42-5d973c98e595.jpg,2026-05-05T13:09:04,1400,2026-05-05T13:09:04,618840398,image/jpg,,,,
681821061,1400,library,https://cdn.gymrats.app/a377a146-92f9-478d-b534-f47652a01218.jpg,2026-05-05T16:18:39,1866,2026-05-05T16:18:39,619034130,image/jpg,2026-05-05T15:58:54,,,
682131243,1400,camera,https://cdn.gymrats.app/684e1acd-ff5d-4f7d-a667-a2f24ba3aca1.jpg,2026-05-05T21:11:17,1866,2026-05-05T21:11:17,619340254,image/jpg,2026-05-05T21:09:42,,,
682413641,1400,camera,https://cdn.gymrats.app/fec1d5c4-6b72-40f6-b0e6-407ee0bdfe5f.jpg,2026-05-05T23:04:20,1866,2026-05-05T23:04:20,619620194,image/jpg,2026-05-05T23:03:26,,,
682432882,1400,library,https://cdn.gymrats.app/e471646b-1ea9-41ec-b8c0-359c61229885.jpg,2026-05-05T23:10:26,2488,2026-05-05T23:10:26,619630479,image/jpg,2026-05-05T23:09:24,,-23.56815,-46.6871
682432880,1178,library,https://cdn.gymrats.app/b594ae04-1a50-495e-a831-6a07046244ff.jpg,2026-05-05T23:10:26,2556,2026-05-05T23:10:26,619630479,image/jpg,2026-05-05T23:08:47,,,
682452290,1400,camera,https://cdn.gymrats.app/ba08164a-0608-48b2-a8d1-3bba6e9c7e95.jpg,2026-05-05T23:16:45,1866,2026-05-05T23:16:45,619657961,image/jpg,2026-05-05T23:09:06,,,
682568476,1400,library,https://cdn.gymrats.app/ed9fa15e-0411-47ed-a6c3-b14ee3af30fb.jpg,2026-05-05T23:56:00,1866,2026-05-05T23:56:00,619766143,image/jpg,2026-05-05T21:39:57,,,
682598782,1400,library,https://cdn.gymrats.app/36ccb001-75ef-4b1d-b680-a20bb588a709.jpg,2026-05-06T00:06:02,1866,2026-05-06T00:06:02,619799735,image/jpg,2026-05-06T00:00:26,,,
682624985,1400,camera,https://cdn.gymrats.app/8567f7de-09b7-4f4f-a088-5a1b4952040a.jpg,2026-05-06T00:14:48,1866,2026-05-06T00:14:48,619824954,image/jpg,2026-05-06T00:14:21,https://cdn.gymrats.app/8567f7de-09b7-4f4f-a088-5a1b4952040a.jpg,,
682670816,1400,library,https://cdn.gymrats.app/87eda82e-294a-4847-aeb3-23b6fea689ad.jpg,2026-05-06T00:30:55,1866,2026-05-06T00:30:55,619868064,image/jpg,2026-04-09T09:13:20,,,
682723837,1400,library,https://cdn.gymrats.app/4d6fc6f6-0083-4c0b-b219-9abc4fdd5b1a.jpg,2026-05-06T00:51:41,1866,2026-05-06T00:51:41,619876719,image/jpg,2026-05-06T00:34:53,https://cdn.gymrats.app/4d6fc6f6-0083-4c0b-b219-9abc4fdd5b1a.jpg,,
682986655,1400,camera,https://cdn.gymrats.app/4a2586b6-35f2-47b4-b514-971f59cd829b.jpg,2026-05-06T09:20:58,1866,2026-05-06T09:20:58,620167228,image/jpg,2026-05-06T09:20:50,,,
682987192,1400,camera,https://cdn.gymrats.app/199e98bb-c90e-4286-9bdd-931c365d7398.jpg,2026-05-06T09:21:33,1866,2026-05-06T09:21:33,620167761,image/jpg,2026-05-06T09:20:32,https://cdn.gymrats.app/199e98bb-c90e-4286-9bdd-931c365d7398.jpg,,
683117059,1400,camera,https://cdn.gymrats.app/a59da568-0c02-464f-ae83-97504934ad47.jpg,2026-05-06T10:59:49,1866,2026-05-06T10:59:49,620306355,image/jpg,2026-05-06T10:59:35,,,
683224894,1400,library,https://cdn.gymrats.app/df589214-e5e6-4b3d-839f-395b1b558fb6.jpg,2026-05-06T12:18:42,1050,2026-05-06T12:18:42,620419726,image/jpg,2026-05-06T12:16:21,,39.1547,-86.49311166666666
683224893,1400,library,https://cdn.gymrats.app/4ee6205a-bce9-4a4c-8219-db762eeda9fb.jpg,2026-05-06T12:18:42,1866,2026-05-06T12:18:42,620419726,image/jpg,2026-05-06T12:15:26,,39.154686166666664,-86.49307166666667
683234030,1400,library,https://cdn.gymrats.app/4e142461-62d4-451f-a770-3b60938e6e7f.jpg,2026-05-06T12:27:25,1400,2026-05-06T12:27:25,620429375,image/jpg,,,,
683274320,1400,library,https://cdn.gymrats.app/0ca85162-ffdf-49ee-ad3e-b821ac6f04c4.jpg,2026-05-06T13:07:14,2488,2026-05-06T13:07:14,620456293,image/jpg,2026-05-06T12:43:07,,-23.58958833333333,-46.66093333333333
683376590,1320,library,https://cdn.gymrats.app/112a6d37-20c0-4604-bfd2-4710c2700f6e.jpg,2026-05-06T14:55:45,2112,2026-05-06T14:55:45,620574618,image/jpg,2026-05-06T14:53:28,,,
683913654,1400,library,https://cdn.gymrats.app/00106799-6260-420e-8448-5a99bae120db.jpg,2026-05-06T22:23:12,1866,2026-05-06T22:23:12,621106497,image/jpg,2026-05-06T22:21:36,,,
684042431,1400,camera,https://cdn.gymrats.app/0703db52-c5ee-454f-abf5-d2cfe041c345.jpg,2026-05-06T23:10:37,1866,2026-05-06T23:10:37,621235136,image/jpg,2026-05-06T23:09:51,,,
684048132,1400,camera,https://cdn.gymrats.app/6c38cf19-8eae-4eae-81bb-00b2c1ba40f1.jpg,2026-05-06T23:12:30,1866,2026-05-06T23:12:30,621240612,image/jpg,2026-05-06T23:11:43,,,
684124990,1400,camera,https://cdn.gymrats.app/29c5f33b-d0bf-42f8-a31b-7224621906b2.jpg,2026-05-06T23:39:40,1866,2026-05-06T23:39:40,621314570,image/jpg,2026-05-06T23:37:27,,,
684369662,1400,library,https://cdn.gymrats.app/8ef4896c-df8d-43c6-9d95-c0748f20531b.jpg,2026-05-07T01:15:05,1866,2026-05-07T01:15:05,621540919,image/jpg,2026-05-07T01:14:35,,,
684365833,1206,library,https://cdn.gymrats.app/792084b6-a45a-42fa-b785-e8aa8862cca7.jpg,2026-05-07T01:13:10,2454,2026-05-07T01:13:10,621540919,image/jpg,2026-05-07T01:12:36,,,
684423087,1400,library,https://cdn.gymrats.app/69f5698f-31c9-4567-95fc-e68fb2f3c225.jpg,2026-05-07T01:45:09,1400,2026-05-07T01:45:09,621592926,image/jpg,2026-05-07T00:40:18,,,
684556821,720,library,https://cdn.gymrats.app/bbf8f648-f5ae-4552-bb64-69654699da5f.jpg,2026-05-07T09:06:45,720,2026-05-07T09:06:45,621716230,image/jpg,2026-05-07T09:06:08,https://cdn.gymrats.app/bbf8f648-f5ae-4552-bb64-69654699da5f.jpg,,
684624677,1400,camera,https://cdn.gymrats.app/0f6f720a-18a2-4819-9fe4-5cf56f2ff9bf.jpg,2026-05-07T10:11:44,1866,2026-05-07T10:11:44,621793366,image/jpg,2026-05-07T10:11:18,,,
684632749,1290,library,https://cdn.gymrats.app/8894480b-a7c5-4db2-a2b1-64724a44deaf.jpg,2026-05-07T10:17:36,2292,2026-05-07T10:17:36,621801857,image/jpg,2026-05-07T08:51:16,,,
684840659,828,library,https://cdn.gymrats.app/87f97188-23a1-4435-a7d9-9fb191cff5bc.jpg,2026-05-07T13:12:08,1792,2026-05-07T13:12:08,621936022,image/jpg,2026-05-07T11:57:23,,,
684758511,1400,library,https://cdn.gymrats.app/c194248c-8a91-4912-9588-39b0897153b2.jpg,2026-05-07T11:54:18,1400,2026-05-07T11:54:18,621936022,image/jpg,2026-05-07T11:53:29,,39.1546945,-86.49311166666666
684773951,1400,library,https://cdn.gymrats.app/ca28f8ef-6de3-4638-87a9-fefef2342b16.jpg,2026-05-07T12:06:39,1400,2026-05-07T12:06:39,621952050,image/jpg,2026-05-07T12:05:10,,,
684977863,1109,library,https://cdn.gymrats.app/3ceb980a-3192-493d-89f9-5229ee66be80.jpg,2026-05-07T15:44:11,1109,2026-05-07T15:44:11,622159704,image/jpg,2026-05-07T15:39:04,,,
685305204,1400,camera,https://cdn.gymrats.app/7324b093-f81c-45e3-ad9e-89b870f84671.jpg,2026-05-07T21:20:42,1866,2026-05-07T21:20:42,622487006,image/jpg,2026-05-07T21:18:41,,,
685309795,1400,library,https://cdn.gymrats.app/afb5eaf4-d7aa-4c17-9013-b01722d77ebb.jpg,2026-05-07T21:23:24,1866,2026-05-07T21:23:24,622491662,image/jpg,2026-05-07T21:06:19,,,
685526647,1400,library,https://cdn.gymrats.app/b3ec50e8-a8bb-4f54-83d9-6288fbf97171.jpg,2026-05-07T23:01:41,1866,2026-05-07T23:01:41,622694724,image/jpg,2026-05-07T19:31:03,,,
685965398,1206,library,https://cdn.gymrats.app/39e83cb1-7bf1-44c5-9052-afc6491b0c42.jpg,2026-05-08T02:44:02,2256,2026-05-08T02:44:02,623116490,image/jpg,2026-05-08T02:42:26,,,
686028419,1400,camera,https://cdn.gymrats.app/7ce3e4e7-c9c8-4026-84a0-80949c246980.jpg,2026-05-08T09:08:51,1866,2026-05-08T09:08:51,623180555,image/jpg,2026-05-08T09:07:58,https://cdn.gymrats.app/7ce3e4e7-c9c8-4026-84a0-80949c246980.jpg,,
686084313,1400,library,https://cdn.gymrats.app/61499613-f4e4-4910-ad6c-c96ab1ed4fa7.jpg,2026-05-08T10:09:26,1461,2026-05-08T10:09:26,623240232,image/jpg,2026-05-08T09:56:47,,,
686321557,828,library,https://cdn.gymrats.app/eeadfaf9-70db-4ae5-8a05-0401490e47f0.jpg,2026-05-08T13:50:19,1792,2026-05-08T13:50:19,623402721,image/jpg,2026-05-08T12:18:04,,,
686237592,1400,library,https://cdn.gymrats.app/de5b1e59-74a3-4374-ad8b-96a8631468f0.jpg,2026-05-08T12:17:09,1422,2026-05-08T12:17:09,623402721,image/jpg,2026-05-08T12:13:10,,39.15464716666666,-86.49307166666667
686237591,1400,library,https://cdn.gymrats.app/c0fdefa1-446c-475c-85c0-dced6510b548.jpg,2026-05-08T12:17:09,1866,2026-05-08T12:17:09,623402721,image/jpg,2026-05-08T12:07:40,,39.15465833333333,-86.49306333333334
686404165,1400,library,https://cdn.gymrats.app/d51711ea-80da-4816-aae2-526e69d283df.jpg,2026-05-08T15:24:40,1866,2026-05-08T15:24:40,623567212,image/jpg,2026-05-08T15:23:37,,,
686744981,1400,camera,https://cdn.gymrats.app/fb7c80d7-4f32-44c4-84e7-b03bf9f35be3.jpg,2026-05-08T21:30:50,1866,2026-05-08T21:30:50,623908090,image/jpg,2026-05-08T21:30:34,,,
686794192,1206,library,https://cdn.gymrats.app/72924cfa-0980-4d91-bee9-b33b4604948d.jpg,2026-05-08T21:59:27,1904,2026-05-08T21:59:27,623955814,image/jpg,2026-05-08T21:58:47,,,
686936565,1400,library,https://cdn.gymrats.app/f550ae24-4a92-4a04-834b-e0cbc1e9475b.jpg,2026-05-08T23:14:10,1866,2026-05-08T23:14:10,624090725,image/jpg,2026-05-08T23:11:06,,,
687276139,1400,library,https://cdn.gymrats.app/f35df986-80c7-44dd-998b-7c7305b11fb6.jpg,2026-05-09T10:08:57,1866,2026-05-09T10:08:57,624406545,image/jpg,2026-05-09T10:08:31,https://cdn.gymrats.app/f35df986-80c7-44dd-998b-7c7305b11fb6.jpg,,
687270767,1400,library,https://cdn.gymrats.app/41793cc9-5fba-42a0-90c8-479369fccfd8.jpg,2026-05-09T09:50:28,1866,2026-05-09T09:50:28,624406545,image/jpg,2026-05-09T09:50:09,https://cdn.gymrats.app/41793cc9-5fba-42a0-90c8-479369fccfd8.jpg,,
687286048,1400,library,https://cdn.gymrats.app/9f0d64b8-2c52-48c8-af0f-567466a751fd.jpg,2026-05-09T10:35:43,1866,2026-05-09T10:35:43,624424509,image/jpg,2026-05-09T10:31:09,,,
687617083,828,library,https://cdn.gymrats.app/f7185d4a-13bc-4552-875c-2b7f02eda8d0.jpg,2026-05-09T15:32:36,1792,2026-05-09T15:12:06,624767366,image/jpg,2026-05-09T15:10:41,,,
687617081,1400,library,https://cdn.gymrats.app/ff0b7adb-12c8-4b17-b1a2-62337e6f5dcf.jpg,2026-05-09T15:12:06,1866,2026-05-09T15:12:06,624767366,image/jpg,2026-05-09T14:52:22,,39.142066666666665,-86.51456333333333
687746135,1400,library,https://cdn.gymrats.app/f7a2ee62-72af-46b9-8af0-ac0d0cdccf98.jpg,2026-05-09T16:51:29,1866,2026-05-09T16:51:29,624893987,image/jpg,2026-05-09T16:35:16,,,
687796762,1400,library,https://cdn.gymrats.app/31807a57-2123-45a5-8d9d-3d1f5bde22a2.jpg,2026-05-09T17:47:56,1866,2026-05-09T17:47:56,624943319,image/jpg,2026-05-09T17:44:12,,,
687796497,1206,library,https://cdn.gymrats.app/91fe6620-f122-4c00-83f7-cdf444ad5afd.jpg,2026-05-09T17:47:37,2512,2026-05-09T17:47:37,624943319,image/jpg,2026-05-09T17:46:45,,,
687799641,1158,library,https://cdn.gymrats.app/de32ca42-a7c3-4a3e-a770-b7f7c7f61f9f.jpg,2026-05-09T17:51:46,1159,2026-05-09T17:51:46,624946356,image/jpg,2026-05-09T17:50:19,,,
687830838,1400,camera,https://cdn.gymrats.app/a1ca7f55-0e6d-4fd8-a45f-8bdd1c44fdf6.jpg,2026-05-09T18:31:04,1866,2026-05-09T18:31:04,624976721,image/jpg,2026-05-09T18:28:21,,,
687870005,1400,camera,https://cdn.gymrats.app/c8bf1027-0d81-41b2-9c51-b9bbb8cc73a3.jpg,2026-05-09T19:19:49,1866,2026-05-09T19:19:49,625015438,image/jpg,2026-05-09T19:19:37,,,
687951088,1400,library,https://cdn.gymrats.app/a6abd75a-0887-46f5-af3c-53bcd7bdea0c.jpg,2026-05-09T20:55:14,2486,2026-05-09T20:55:14,625091410,image/jpg,2026-05-09T20:53:00,https://cdn.gymrats.app/a6abd75a-0887-46f5-af3c-53bcd7bdea0c.jpg,,
687955293,1400,library,https://cdn.gymrats.app/8b942e3a-7793-4f23-81c6-e2efcf91bfb4.jpg,2026-05-09T21:00:05,1866,2026-05-09T21:00:05,625092073,image/jpg,2026-05-09T20:59:34,https://cdn.gymrats.app/8b942e3a-7793-4f23-81c6-e2efcf91bfb4.jpg,,
687952333,1400,library,https://cdn.gymrats.app/0e500320-8800-4430-9570-50346b5157da.jpg,2026-05-09T20:56:32,1866,2026-05-09T20:56:32,625092073,image/jpg,2026-05-09T20:56:17,https://cdn.gymrats.app/0e500320-8800-4430-9570-50346b5157da.jpg,,
688090164,1400,library,https://cdn.gymrats.app/55508d50-46b9-4af6-9b6e-e0698629bf46.jpg,2026-05-10T00:03:36,1866,2026-05-10T00:03:36,625222980,image/jpg,2026-05-09T22:40:48,,,
688297523,1400,camera,https://cdn.gymrats.app/df97ebc8-e8dc-4778-9696-820a0ba7eca5.jpg,2026-05-10T13:12:10,1866,2026-05-10T13:12:10,625430007,image/jpg,2026-05-10T13:12:00,https://cdn.gymrats.app/df97ebc8-e8dc-4778-9696-820a0ba7eca5.jpg,,
688484888,828,library,https://cdn.gymrats.app/56dc6c21-e598-4ada-a5ef-9cd019d53c65.jpg,2026-05-10T17:00:37,1792,2026-05-10T17:00:20,625614810,image/jpg,2026-05-10T16:58:43,,,
688484889,1400,library,https://cdn.gymrats.app/34e34fad-e8bc-4b1e-b4cb-16be5b966007.jpg,2026-05-10T17:00:37,1866,2026-05-10T17:00:20,625614810,image/jpg,2026-05-10T16:50:27,,39.142311166666666,-86.51463333333334
688500920,1200,library,https://cdn.gymrats.app/8cd78394-7141-4b24-8528-6951b2e735f9.jpg,2026-05-10T17:41:19,1600,2026-05-10T17:41:19,625627227,image/jpg,,,,
688497940,1206,library,https://cdn.gymrats.app/ce05ad47-7878-4def-9c19-e689b2867ade.jpg,2026-05-10T17:32:30,2622,2026-05-10T17:32:30,625627227,image/jpg,2026-05-10T17:31:46,,,
688500114,1400,camera,https://cdn.gymrats.app/fc9c8038-421c-44ac-833c-55c14a3a881f.jpg,2026-05-10T17:39:01,1866,2026-05-10T17:39:01,625629296,image/jpg,2026-05-10T17:38:10,,,
688501602,1400,library,https://cdn.gymrats.app/4fc59afe-2d80-4b89-9bf1-d6a41054749d.jpg,2026-05-10T17:43:59,1400,2026-05-10T17:43:59,625630882,image/jpg,2026-05-10T16:49:59,,,
688731267,1399,library,https://cdn.gymrats.app/8a1578e1-be28-4bcc-8dc2-31a410cb4bea.jpg,2026-05-11T01:19:54,2488,2026-05-11T01:19:54,625713814,image/jpg,2026-05-10T20:16:02,https://cdn.gymrats.app/8a1578e1-be28-4bcc-8dc2-31a410cb4bea.jpg,,
688588851,1400,library,https://cdn.gymrats.app/0213544b-59ab-4bde-b766-12ee50b211aa.jpg,2026-05-10T21:19:39,1866,2026-05-10T21:19:39,625717002,image/jpg,2026-05-10T21:18:55,https://cdn.gymrats.app/0213544b-59ab-4bde-b766-12ee50b211aa.jpg,,
688746031,1400,library,https://cdn.gymrats.app/adaae6bb-ae49-4180-bd64-fd609d57903d.jpg,2026-05-11T01:54:48,1866,2026-05-11T01:54:48,625861104,image/jpg,2026-05-10T22:51:20,,,
688878571,1400,camera,https://cdn.gymrats.app/ec2a4106-6a43-4563-b539-6c54d523767b.jpg,2026-05-11T10:25:11,1866,2026-05-11T10:25:11,625999517,image/jpg,2026-05-11T10:24:59,https://cdn.gymrats.app/ec2a4106-6a43-4563-b539-6c54d523767b.jpg,,
689013429,1400,library,https://cdn.gymrats.app/b66e6ceb-ba2e-4c9c-84be-22a067bc5bc8.jpg,2026-05-11T12:31:46,1050,2026-05-11T12:31:46,626142649,image/jpg,,,,
689013428,1206,library,https://cdn.gymrats.app/a360c0cd-928b-4ea8-b31e-4d70a6a91a4f.jpg,2026-05-11T12:31:46,2622,2026-05-11T12:31:46,626142649,image/jpg,2026-05-11T12:19:51,,,
689042962,828,library,https://cdn.gymrats.app/6800d90d-e54b-464f-a0d8-8fb4b6f1353a.jpg,2026-05-11T13:07:06,1792,2026-05-11T13:05:58,626173212,image/jpg,2026-05-11T12:57:29,,,
689042961,828,library,https://cdn.gymrats.app/b7a61592-59cd-4bf9-903c-3b29fd53584d.jpg,2026-05-11T13:07:06,1792,2026-05-11T13:05:58,626173212,image/jpg,2026-05-11T12:57:34,,,
689042960,1400,library,https://cdn.gymrats.app/323def7c-47cf-4ff1-a5c8-97acb7f2e3c3.jpg,2026-05-11T13:05:58,1866,2026-05-11T13:05:58,626173212,image/jpg,2026-05-11T12:49:35,,39.1546945,-86.49311166666666
689042959,1400,library,https://cdn.gymrats.app/4825c9e7-689a-4e2c-831e-1909c7154657.jpg,2026-05-11T13:05:58,1866,2026-05-11T13:05:58,626173212,image/jpg,2026-05-11T12:16:47,,39.142177833333335,-86.51454166666667
689229774,1122,library,https://cdn.gymrats.app/8574ac94-cc8f-4c6c-a619-27d6ebf9c37f.jpg,2026-05-11T16:33:04,1402,2026-05-11T16:33:04,626361612,image/jpg,,,,
689561882,1178,library,https://cdn.gymrats.app/93d52088-334d-4dba-80ab-b534e90213bc.jpg,2026-05-11T21:31:48,1178,2026-05-11T21:31:48,626692978,image/jpg,2026-05-11T21:27:11,,,
689645677,1400,camera,https://cdn.gymrats.app/9193ac27-aab3-4e27-bf01-869227c220d8.jpg,2026-05-11T22:06:58,1866,2026-05-11T22:06:58,626775603,image/jpg,2026-05-11T22:05:54,,,
689648590,1400,library,https://cdn.gymrats.app/512280e1-c90a-4046-8b3e-82a6204dc1a9.jpg,2026-05-11T22:08:04,1866,2026-05-11T22:08:04,626778567,image/jpg,2026-05-11T22:03:52,,,
689809156,1400,camera,https://cdn.gymrats.app/9b03534e-e1ed-46f9-b270-4db2ba1fba74.jpg,2026-05-11T23:05:24,1866,2026-05-11T23:05:24,626935850,image/jpg,2026-05-11T23:05:15,,,
689825917,1400,library,https://cdn.gymrats.app/32ab57ac-5d60-454d-ad6d-ae214a6875af.jpg,2026-05-11T23:10:37,1866,2026-05-11T23:10:37,626945603,image/jpg,2026-05-11T22:34:46,https://cdn.gymrats.app/32ab57ac-5d60-454d-ad6d-ae214a6875af.jpg,,
689853033,1400,camera,https://cdn.gymrats.app/e6d5462f-f599-4731-a7d1-7cdb989ee8a3.jpg,2026-05-11T23:19:39,1866,2026-05-11T23:19:39,626978353,image/jpg,2026-05-11T23:19:28,,,
689873319,1200,library,https://cdn.gymrats.app/30ca8e9f-789f-42e3-b998-46e324de1abe.jpg,2026-05-11T23:26:27,1600,2026-05-11T23:26:27,626996108,image/jpg,2026-05-11T23:09:43,https://cdn.gymrats.app/30ca8e9f-789f-42e3-b998-46e324de1abe.jpg,,
690056477,1400,library,https://cdn.gymrats.app/ea24ff92-fd05-4b69-928c-dd47e1505fdb.jpg,2026-05-12T00:30:26,1866,2026-05-12T00:30:26,627166150,image/jpg,2026-05-11T20:39:09,,,
690175671,1178,library,https://cdn.gymrats.app/dd37d263-26ee-44d9-afd2-c4769e1c8fec.jpg,2026-05-12T01:23:09,2556,2026-05-12T01:23:09,627282406,image/jpg,2026-05-12T01:20:34,,,
690348011,1400,camera,https://cdn.gymrats.app/cce2c12d-8b6c-4b5b-ae2b-8b7435f81a97.jpg,2026-05-12T09:19:26,1866,2026-05-12T09:19:26,627445556,image/jpg,2026-05-12T09:19:08,https://cdn.gymrats.app/cce2c12d-8b6c-4b5b-ae2b-8b7435f81a97.jpg,,
690360488,1400,library,https://cdn.gymrats.app/2a8d9f57-e55f-4ae3-9e9f-7bf9cd4ddeeb.jpg,2026-05-12T09:32:57,1866,2026-05-12T09:32:57,627458662,image/jpg,2026-05-12T09:10:16,,,
690398154,828,library,https://cdn.gymrats.app/51e4e71d-5159-47ba-8384-9a15de48a6cf.jpg,2026-05-12T10:04:40,1792,2026-05-12T10:04:40,627499663,image/jpg,2026-05-12T10:02:29,,,
690398153,1400,library,https://cdn.gymrats.app/17e79537-c8a6-42b8-80a2-2d383f814261.jpg,2026-05-12T10:04:40,1866,2026-05-12T10:04:40,627499663,image/jpg,2026-05-12T10:03:05,,39.15468883333333,-86.49308
690504035,1400,library,https://cdn.gymrats.app/35346780-9a5a-4eb3-9cac-3f906979da08.jpg,2026-05-12T11:20:37,1866,2026-05-12T11:20:37,627611618,image/jpg,2026-05-12T11:13:33,https://cdn.gymrats.app/35346780-9a5a-4eb3-9cac-3f906979da08.jpg,,
690737127,1400,library,https://cdn.gymrats.app/7771cca2-ea05-425e-bef0-cdc4e1af8dfa.jpg,2026-05-12T15:11:19,787,2026-05-12T15:11:19,627852922,image/jpg,,,,
690756891,1400,camera,https://cdn.gymrats.app/a0a74ad8-2fb2-4906-b631-bd666449984a.jpg,2026-05-12T15:30:32,1866,2026-05-12T15:30:32,627873213,image/jpg,2026-05-12T15:30:05,,,
691038729,1400,camera,https://cdn.gymrats.app/1804a586-d954-4080-b57f-9fd38835c4db.jpg,2026-05-12T20:24:26,1866,2026-05-12T20:24:26,628156467,image/jpg,2026-05-12T20:23:50,,,
691146357,1400,library,https://cdn.gymrats.app/075fb95c-8c8b-4593-8564-f6d6e7722e66.jpg,2026-05-12T21:27:54,2300,2026-05-12T21:27:54,628260199,image/jpg,2026-05-12T21:21:35,,,
691143211,1206,library,https://cdn.gymrats.app/284dfeb6-138c-499f-808c-e58aa954165a.jpg,2026-05-12T21:26:20,2622,2026-05-12T21:26:20,628260199,image/jpg,2026-05-12T21:25:07,,,
691293583,1400,library,https://cdn.gymrats.app/d5486bc2-c1db-440b-99c9-8f0da1860a70.jpg,2026-05-12T22:29:27,1400,2026-05-12T22:29:27,628408578,image/jpg,2026-05-12T22:07:03,,,
691666830,1400,library,https://cdn.gymrats.app/8e47c5f1-b7f6-4ab4-8645-fff2ca0115ab.jpg,2026-05-13T00:44:57,1866,2026-05-13T00:44:57,628766361,image/jpg,2026-05-12T22:56:30,https://cdn.gymrats.app/8e47c5f1-b7f6-4ab4-8645-fff2ca0115ab.jpg,,
691694589,1400,library,https://cdn.gymrats.app/c4c48a49-25c8-4c69-ac14-d6ecd4b5a3af.jpg,2026-05-13T00:57:06,1866,2026-05-13T00:57:06,628791327,image/jpg,2026-05-12T22:03:02,,,
692060966,828,library,https://cdn.gymrats.app/4976d5e3-b602-40af-bc21-504f2ae36b2f.jpg,2026-05-13T11:17:46,1792,2026-05-13T11:17:46,629157976,image/jpg,2026-05-13T11:15:44,,,
692060965,1400,library,https://cdn.gymrats.app/e9bfd640-913b-48b5-884b-0993e3dbc9af.jpg,2026-05-13T11:17:46,1866,2026-05-13T11:17:46,629157976,image/jpg,2026-05-13T10:54:49,,39.765361666666664,-86.157425
692066620,1400,library,https://cdn.gymrats.app/8d4c0b2d-c821-44a6-a815-981ce362cad0.jpg,2026-05-13T11:21:39,2486,2026-05-13T11:21:39,629162837,image/jpg,2026-05-13T11:17:28,https://cdn.gymrats.app/8d4c0b2d-c821-44a6-a815-981ce362cad0.jpg,,
692107686,1400,camera,https://cdn.gymrats.app/0585823b-54c6-4593-a9f8-6d6426b6dced.jpg,2026-05-13T11:56:38,1866,2026-05-13T11:56:38,629207229,image/jpg,2026-05-13T11:56:08,,,
692391257,1400,camera,https://cdn.gymrats.app/e6a80f25-50be-41ac-a875-3d9d0868b6db.jpg,2026-05-13T16:44:30,1866,2026-05-13T16:44:30,629494101,image/jpg,2026-05-13T16:44:12,,,
692462632,1400,library,https://cdn.gymrats.app/f0cb8a50-94a0-419d-bcf9-31e79d7c7cfb.jpg,2026-05-13T18:16:28,1400,2026-05-13T18:16:28,629565087,image/jpg,2026-05-13T16:05:39,,,
692868440,1400,library,https://cdn.gymrats.app/dcabdee9-b8da-4a5f-8106-4d936c982f78.jpg,2026-05-13T22:45:20,1866,2026-05-13T22:45:20,629966811,image/jpg,2026-05-13T22:40:52,,,
692868439,1206,library,https://cdn.gymrats.app/c9307a09-9f10-4768-9ce1-ea26164d1d43.jpg,2026-05-13T22:45:20,2622,2026-05-13T22:45:20,629966811,image/jpg,2026-05-13T22:44:18,,,
692962860,1290,library,https://cdn.gymrats.app/214a599e-4430-43dc-989b-a4d91f003008.jpg,2026-05-13T23:21:45,2796,2026-05-13T23:21:45,630057345,image/jpg,2026-05-13T23:20:04,,,
693245135,1400,library,https://cdn.gymrats.app/053cfe9b-280c-4d20-9f17-e559645d5054.jpg,2026-05-14T01:25:36,1400,2026-05-14T01:25:36,630319539,image/jpg,2026-05-14T00:36:54,,,
693428229,1400,camera,https://cdn.gymrats.app/94a09b97-dad9-406d-ae4b-143aee9d6f02.jpg,2026-05-14T09:30:59,1866,2026-05-14T09:30:59,630499237,image/jpg,2026-05-14T09:29:52,https://cdn.gymrats.app/94a09b97-dad9-406d-ae4b-143aee9d6f02.jpg,,
693457900,1400,library,https://cdn.gymrats.app/4377889e-6e64-442c-a74a-0cf97331c7b6.jpg,2026-05-14T10:00:31,1866,2026-05-14T10:00:31,630511198,image/jpg,2026-05-14T09:54:21,https://cdn.gymrats.app/4377889e-6e64-442c-a74a-0cf97331c7b6.jpg,,
693439659,1400,camera,https://cdn.gymrats.app/a6734885-cb1a-4dde-afdd-c4750e68ffc0.jpg,2026-05-14T09:44:08,1866,2026-05-14T09:44:08,630511633,image/jpg,2026-05-14T09:43:57,,,
693557559,1400,library,https://cdn.gymrats.app/8be90c2a-8874-4b47-a810-b893c8804bb5.jpg,2026-05-14T11:18:17,1866,2026-05-14T11:18:17,630638545,image/jpg,2026-05-14T10:53:04,,39.765366666666665,-86.15747783333333
693557558,1400,library,https://cdn.gymrats.app/1dc40ae8-b2e8-4dbc-bb3d-3464a625509b.jpg,2026-05-14T11:18:17,1866,2026-05-14T11:18:17,630638545,image/jpg,2026-05-14T10:53:46,,39.76542,-86.1574695
693948239,1024,library,https://cdn.gymrats.app/3fc11711-f4df-4ec6-ba70-b224772c2158.jpg,2026-05-14T18:32:48,1024,2026-05-14T18:32:48,631037377,image/jpg,,,,
694130525,1400,camera,https://cdn.gymrats.app/7e9ab2ac-4188-41ad-bd25-dd61e50cf28b.jpg,2026-05-14T21:15:39,1866,2026-05-14T21:15:39,631220394,image/jpg,2026-05-14T20:25:03,,,
694383796,1178,library,https://cdn.gymrats.app/2a0ea763-39a2-4beb-823c-72a867f2901d.jpg,2026-05-14T23:11:54,2556,2026-05-14T23:11:54,631471624,image/jpg,2026-05-14T23:09:44,,,
694468994,1290,library,https://cdn.gymrats.app/9ed2d6b2-b4de-4343-b044-a402efa95098.jpg,2026-05-14T23:47:23,2796,2026-05-14T23:47:23,631553247,image/jpg,2026-05-14T23:44:43,,,
694563440,1400,library,https://cdn.gymrats.app/4ab32f30-1f6e-4e7a-ba71-3ef1160ab942.jpg,2026-05-15T00:27:22,1866,2026-05-15T00:27:22,631639837,image/jpg,2026-05-14T21:32:42,,,
694743140,1206,library,https://cdn.gymrats.app/6dd0de0d-b7ac-4fdf-9511-934a096144e1.jpg,2026-05-15T02:18:55,2622,2026-05-15T02:18:55,631803915,image/jpg,2026-05-15T02:18:25,,,
694830294,1400,camera,https://cdn.gymrats.app/2ee696d8-50d2-43d6-b645-5a051ebf22e2.jpg,2026-05-15T09:17:14,1866,2026-05-15T09:17:14,631894390,image/jpg,2026-05-15T09:16:33,https://cdn.gymrats.app/2ee696d8-50d2-43d6-b645-5a051ebf22e2.jpg,,
694970312,1400,camera,https://cdn.gymrats.app/ae416416-3823-4ac4-a3ea-491f304c9c3e.jpg,2026-05-15T11:27:38,1866,2026-05-15T11:27:38,632044609,image/jpg,2026-05-15T11:27:09,,,
694975100,1400,camera,https://cdn.gymrats.app/f4ada8cc-576c-4abf-aaec-1ffbe594ed8b.jpg,2026-05-15T11:31:49,1866,2026-05-15T11:31:49,632049787,image/jpg,2026-05-15T11:30:11,,,
695028232,1400,library,https://cdn.gymrats.app/ae8e7647-1846-4877-9034-c85e02e4b439.jpg,2026-05-15T12:21:44,1866,2026-05-15T12:21:44,632105539,image/jpg,2026-05-15T12:17:46,,39.15468883333333,-86.49308
695713763,1400,library,https://cdn.gymrats.app/be8a0818-1981-4862-9bec-09b6f3b918c6.jpg,2026-05-15T23:18:00,1866,2026-05-15T23:18:00,632785831,image/jpg,2026-05-15T21:25:28,,,
695729025,1206,library,https://cdn.gymrats.app/b32f63ad-0b67-43f7-92c9-8d55439a39b7.jpg,2026-05-15T23:26:40,2622,2026-05-15T23:26:40,632802116,image/jpg,2026-05-15T23:26:02,,,
695754359,1400,camera,https://cdn.gymrats.app/2f6ef196-eab9-4332-a1be-b90ddb302409.jpg,2026-05-15T23:41:37,1866,2026-05-15T23:41:37,632825833,image/jpg,2026-05-15T23:41:19,,,
695872581,1178,library,https://cdn.gymrats.app/b8fed12a-3d3e-437d-ac2b-b864a35919ef.jpg,2026-05-16T01:01:29,2556,2026-05-16T01:01:29,632935001,image/jpg,2026-05-16T01:00:27,,,
696013509,1400,library,https://cdn.gymrats.app/afc30a4c-adc3-4236-ad92-84385c1a509e.jpg,2026-05-16T09:59:21,1866,2026-05-16T09:59:21,633067926,image/jpg,2026-05-16T09:58:22,https://cdn.gymrats.app/afc30a4c-adc3-4236-ad92-84385c1a509e.jpg,,
696041073,1400,library,https://cdn.gymrats.app/49323408-8924-4c67-8b0b-f870d3dccbc7.jpg,2026-05-16T11:06:43,1866,2026-05-16T11:06:43,633099675,image/jpg,2026-05-16T10:59:19,,,
696041072,1206,library,https://cdn.gymrats.app/66a667a8-3308-431c-bc38-df89dc734597.jpg,2026-05-16T11:06:43,1770,2026-05-16T11:06:43,633099675,image/jpg,2026-05-16T11:03:23,,,
696060357,1400,library,https://cdn.gymrats.app/57538ed4-435d-4dbd-993d-c4783568418f.jpg,2026-05-16T11:36:29,2489,2026-05-16T11:36:29,633121092,image/jpg,2026-05-16T11:35:12,,,
696079665,1400,library,https://cdn.gymrats.app/d5dcd595-e88c-4974-a132-06f99fc07f25.jpg,2026-05-16T12:00:32,1866,2026-05-16T12:00:32,633141126,image/jpg,2026-05-16T11:59:27,https://cdn.gymrats.app/d5dcd595-e88c-4974-a132-06f99fc07f25.jpg,,
696086127,1400,camera,https://cdn.gymrats.app/00692b77-0d1c-4c08-8029-62b8d0943a95.jpg,2026-05-16T12:07:05,1866,2026-05-16T12:07:05,633148643,image/jpg,2026-05-16T12:06:42,,,
696094303,1400,library,https://cdn.gymrats.app/257fa55f-0649-4d41-9f22-2c380a40f494.jpg,2026-05-16T12:15:11,1050,2026-05-16T12:15:11,633155329,image/jpg,2026-05-16T12:14:59,https://cdn.gymrats.app/257fa55f-0649-4d41-9f22-2c380a40f494.jpg,,
696144717,828,library,https://cdn.gymrats.app/faccfe5d-3c5b-4024-81ee-a5c48a957bce.jpg,2026-05-16T12:59:34,1178,2026-05-16T12:59:34,633210327,image/jpg,2026-05-16T12:56:17,,,
696144716,1400,library,https://cdn.gymrats.app/55be118a-7310-475b-963f-8e6875eabe60.jpg,2026-05-16T12:59:34,1866,2026-05-16T12:59:34,633210327,image/jpg,2026-05-16T12:54:36,,39.1546695,-86.49310333333334
696214722,1400,camera,https://cdn.gymrats.app/f4ab3c28-e444-4b3a-8c99-1c15478e366a.jpg,2026-05-16T13:49:36,1866,2026-05-16T13:49:36,633281101,image/jpg,2026-05-16T13:49:03,,,
696258864,1400,camera,https://cdn.gymrats.app/b0765783-5884-429c-a15b-de92ee4b1ebb.jpg,2026-05-16T14:16:53,1866,2026-05-16T14:16:53,633325711,image/jpg,2026-05-16T14:16:41,https://cdn.gymrats.app/b0765783-5884-429c-a15b-de92ee4b1ebb.jpg,,
696345893,1400,library,https://cdn.gymrats.app/d666f5c6-9021-4256-ade9-74a4e8350c0f.jpg,2026-05-16T15:09:19,1866,2026-05-16T15:09:19,633412648,image/jpg,2026-05-16T15:05:35,,,
696376578,1200,library,https://cdn.gymrats.app/c660f075-b243-4c96-b5b7-d27ea231d365.jpg,2026-05-16T15:28:24,1200,2026-05-16T15:28:24,633442709,image/jpg,,,,
696461900,1400,camera,https://cdn.gymrats.app/b4f30c1c-d719-4f0b-a3e7-7282922ba9ec.jpg,2026-05-16T16:30:11,1866,2026-05-16T16:30:11,633526007,image/jpg,2026-05-16T16:29:56,,,
696627824,1400,library,https://cdn.gymrats.app/09d94426-6d7e-45d1-a8cb-41e883b48525.jpg,2026-05-16T19:31:26,1866,2026-05-16T19:31:26,633687600,image/jpg,2026-05-16T19:29:39,,,
696711427,1400,library,https://cdn.gymrats.app/482a8505-1c92-4b20-8a1b-cefa9237c848.jpg,2026-05-16T21:03:10,1866,2026-05-16T21:03:10,633766422,image/jpg,2026-05-16T20:58:57,https://cdn.gymrats.app/482a8505-1c92-4b20-8a1b-cefa9237c848.jpg,,
696826723,1400,library,https://cdn.gymrats.app/6443b7b7-7dba-4c8b-83cd-2dceb3fc5445.jpg,2026-05-16T23:34:30,1866,2026-05-16T23:34:30,633876325,image/jpg,2026-05-16T22:43:20,,,
696951842,1400,library,https://cdn.gymrats.app/7e58cdfd-e963-40b8-9b55-da7d61370705.jpg,2026-05-17T10:06:13,1866,2026-05-17T10:06:13,633989696,image/jpg,2026-05-17T09:59:05,https://cdn.gymrats.app/7e58cdfd-e963-40b8-9b55-da7d61370705.jpg,,
696952140,960,library,https://cdn.gymrats.app/c1c348af-65fd-4624-ba59-1cc47bbdc863.jpg,2026-05-17T10:07:53,1280,2026-05-17T10:07:53,633992318,image/jpg,2026-05-17T10:06:44,https://cdn.gymrats.app/c1c348af-65fd-4624-ba59-1cc47bbdc863.jpg,,
696951902,1400,library,https://cdn.gymrats.app/3d9b8c01-7885-4047-b435-55a3695cf23d.jpg,2026-05-17T10:06:38,1866,2026-05-17T10:06:38,633992482,image/jpg,,,,
696951847,1400,library,https://cdn.gymrats.app/56b5d2d5-2d2e-4d67-9207-6b759a38256a.jpg,2026-05-17T10:06:13,1866,2026-05-17T10:06:13,633992952,image/jpg,2026-05-17T09:36:57,,,
697354130,828,library,https://cdn.gymrats.app/ba088d52-c4bd-4044-9d74-8e9a5a09ec08.jpg,2026-05-17T18:32:40,1792,2026-05-17T18:32:40,634402295,image/jpg,2026-05-17T18:29:54,,,
697354129,1400,library,https://cdn.gymrats.app/4e3c2f92-5c2d-474e-9444-e19cc7c51736.jpg,2026-05-17T18:32:40,1866,2026-05-17T18:32:40,634402295,image/jpg,2026-05-17T18:30:33,,39.15468883333333,-86.49310333333334
697491382,1400,library,https://cdn.gymrats.app/609e3dbd-51e6-4ddf-93bd-98775b141256.jpg,2026-05-17T22:12:34,1866,2026-05-17T22:12:34,634533930,image/jpg,2026-05-15T22:24:40,,,
697536331,1400,library,https://cdn.gymrats.app/296b43da-9643-432b-be9c-5d49fe2ddb77.jpg,2026-05-17T23:16:39,1866,2026-05-17T23:16:39,634577127,image/jpg,2026-05-17T21:09:33,https://cdn.gymrats.app/296b43da-9643-432b-be9c-5d49fe2ddb77.jpg,,
697602446,1206,library,https://cdn.gymrats.app/c849dc3c-b35f-41a0-89be-aa9c520c9792.jpg,2026-05-18T01:03:55,2468,2026-05-18T01:03:55,634637541,image/jpg,2026-05-18T01:03:02,,,
697602445,1400,library,https://cdn.gymrats.app/31c615cb-9ef9-4e62-834a-3b2b747787ff.jpg,2026-05-18T01:03:55,1866,2026-05-18T01:03:55,634637541,image/jpg,2026-05-18T01:01:11,,,
697688175,1400,camera,https://cdn.gymrats.app/6726c398-c18c-4c80-995f-1f1ee6bd6caa.jpg,2026-05-18T09:05:52,1866,2026-05-18T09:05:52,634722253,image/jpg,2026-05-18T09:05:39,https://cdn.gymrats.app/6726c398-c18c-4c80-995f-1f1ee6bd6caa.jpg,,
697743934,1400,library,https://cdn.gymrats.app/31996023-6d4c-4558-a222-40cbd84207ee.jpg,2026-05-18T10:06:05,1866,2026-05-18T10:06:05,634782473,image/jpg,2026-05-18T10:05:44,,,
697745502,1400,camera,https://cdn.gymrats.app/a261a340-2602-48e7-b049-db69de73a893.jpg,2026-05-18T10:07:21,1866,2026-05-18T10:07:21,634784313,image/jpg,2026-05-18T10:06:54,,,
697916602,1400,library,https://cdn.gymrats.app/6b8bf53c-f487-4091-accf-96cbfe0e2ff7.jpg,2026-05-18T12:43:46,1866,2026-05-18T12:43:46,634966077,image/jpg,2026-05-18T12:17:30,,,
697916601,1206,library,https://cdn.gymrats.app/1be04277-46c9-4bd7-83eb-1931d2bd5329.jpg,2026-05-18T12:43:46,2622,2026-05-18T12:43:46,634966077,image/jpg,2026-05-18T12:42:57,,,
697918481,828,library,https://cdn.gymrats.app/c011b27b-3cc6-4449-a1e7-71593861aa72.jpg,2026-05-18T12:46:05,1792,2026-05-18T12:46:05,634968077,image/jpg,2026-05-18T12:38:47,,,
697918480,1400,library,https://cdn.gymrats.app/7b219b78-d98e-4d85-a8d7-750c9079d121.jpg,2026-05-18T12:46:05,1866,2026-05-18T12:46:05,634968077,image/jpg,2026-05-18T12:17:30,,39.1422805,-86.51506666666667
698679633,1400,camera,https://cdn.gymrats.app/c28ffbd3-a081-4d2e-89f6-6881df6742de.jpg,2026-05-18T23:07:01,1866,2026-05-18T23:07:01,635724737,image/jpg,2026-05-18T23:06:41,,,
699002900,1400,library,https://cdn.gymrats.app/bf2054ae-b88a-43d4-a9cf-406a6f53ad01.jpg,2026-05-19T01:06:16,1400,2026-05-19T01:06:16,636031150,image/jpg,2026-05-18T21:58:03,,,
699048237,1400,library,https://cdn.gymrats.app/3fd2990c-ea18-485c-8a62-a0c9a6640c91.jpg,2026-05-19T01:30:17,1866,2026-05-19T01:30:17,636070842,image/jpg,2026-05-17T21:24:28,,,
699209495,1400,library,https://cdn.gymrats.app/1c527fcb-35b6-465a-a703-b841c72f57d6.jpg,2026-05-19T09:17:55,1866,2026-05-19T09:17:55,636226153,image/jpg,2026-05-19T09:16:55,https://cdn.gymrats.app/1c527fcb-35b6-465a-a703-b841c72f57d6.jpg,,
699258105,1400,library,https://cdn.gymrats.app/10c2848b-2408-4187-b5e2-6ca750266b96.jpg,2026-05-19T10:01:22,1866,2026-05-19T10:01:22,636276403,image/jpg,2026-05-19T09:18:45,https://cdn.gymrats.app/10c2848b-2408-4187-b5e2-6ca750266b96.jpg,,
699479803,828,library,https://cdn.gymrats.app/acb519db-d094-4e65-b278-4c450c41e6c9.jpg,2026-05-19T12:59:06,1792,2026-05-19T12:59:06,636513870,image/jpg,2026-05-19T12:56:40,,,
699479802,1400,library,https://cdn.gymrats.app/030ea175-f854-44a6-acee-6133a1a77d72.jpg,2026-05-19T12:59:06,1866,2026-05-19T12:59:06,636513870,image/jpg,2026-05-19T12:57:19,,39.154666666666664,-86.49307166666667
700004148,1400,library,https://cdn.gymrats.app/a14733c0-3f00-4354-a8d5-7a3d4ac81b71.jpg,2026-05-19T21:32:24,1866,2026-05-19T21:32:24,637044102,image/jpg,2026-05-19T21:26:41,,,
700004147,1206,library,https://cdn.gymrats.app/5e9e78e3-5083-47c6-aaab-0983ae0e99dd.jpg,2026-05-19T21:32:24,1666,2026-05-19T21:32:24,637044102,image/jpg,2026-05-19T21:31:01,,,
700815004,1400,camera,https://cdn.gymrats.app/25b77cf1-8eca-4bca-84d6-2cac8d2b7f01.jpg,2026-05-20T10:14:47,1866,2026-05-20T10:14:47,637831379,image/jpg,2026-05-20T10:14:02,,,
700820435,1400,library,https://cdn.gymrats.app/d1a69afa-4130-4e18-a5fc-38ded03a3fff.jpg,2026-05-20T10:19:30,1866,2026-05-20T10:19:30,637837252,image/jpg,2026-05-20T10:18:02,,,
700966580,828,library,https://cdn.gymrats.app/b7ad1cb3-c2d5-4878-ad21-8a10b31e0d25.jpg,2026-05-20T12:22:27,1000,2026-05-20T12:22:27,637992163,image/jpg,2026-05-20T12:20:41,,,
700966579,1400,library,https://cdn.gymrats.app/2671075b-9587-4451-a0ea-b00fae3146fa.jpg,2026-05-20T12:22:27,1866,2026-05-20T12:22:27,637992163,image/jpg,2026-05-20T12:19:31,,39.154675,-86.49308
700971909,1400,library,https://cdn.gymrats.app/c5922291-605b-4384-ad7a-8f088634cac0.jpg,2026-05-20T12:27:57,1866,2026-05-20T12:27:57,637997750,image/jpg,2026-05-20T12:12:33,,,
700971908,1206,library,https://cdn.gymrats.app/305c77f6-d740-445b-bc2b-699993bb4a40.jpg,2026-05-20T12:27:57,2622,2026-05-20T12:27:57,637997750,image/jpg,2026-05-20T12:27:24,,,
701860082,1400,library,https://cdn.gymrats.app/1547a13f-0e27-4cab-a5d2-b2cd4198e6bf.jpg,2026-05-20T23:57:47,1866,2026-05-20T23:57:47,638881871,image/jpg,2026-05-20T23:54:44,https://cdn.gymrats.app/1547a13f-0e27-4cab-a5d2-b2cd4198e6bf.jpg,,
701991719,1400,library,https://cdn.gymrats.app/1398fed3-c98e-42ee-a00b-756251340ffe.jpg,2026-05-21T00:52:25,1866,2026-05-21T00:52:25,638888753,image/jpg,2026-05-20T22:24:40,,,
702265758,1400,camera,https://cdn.gymrats.app/03b0a1af-13c6-4b72-99d3-1447c842771b.jpg,2026-05-21T10:09:36,1866,2026-05-21T10:09:36,639274955,image/jpg,2026-05-21T10:09:14,,,
702592006,828,library,https://cdn.gymrats.app/55011297-809b-4750-a943-e7231228e3c0.jpg,2026-05-21T15:45:49,1792,2026-05-21T15:45:49,639615081,image/jpg,2026-05-21T15:43:59,,,
702592005,1400,library,https://cdn.gymrats.app/c7d93e21-7456-4563-8a2a-9c51086acf62.jpg,2026-05-21T15:45:49,1866,2026-05-21T15:45:49,639615081,image/jpg,2026-05-21T15:42:55,,39.154675,-86.49307166666667
702941347,1400,camera,https://cdn.gymrats.app/0212f116-905f-463c-a553-03c7ad470319.jpg,2026-05-21T21:41:14,1866,2026-05-21T21:41:14,639965403,image/jpg,2026-05-21T21:40:39,,,
703257487,1206,library,https://cdn.gymrats.app/19edf5f0-1628-44e6-ac1e-0bc3d54d769c.jpg,2026-05-22T00:01:04,1382,2026-05-22T00:01:04,640275182,image/jpg,2026-05-22T00:00:35,,,
703519573,1400,library,https://cdn.gymrats.app/4e73be70-a84f-4554-b111-8617d273af1e.jpg,2026-05-22T02:56:29,1866,2026-05-22T02:56:29,640516203,image/jpg,2026-05-18T21:41:35,,,
703788287,828,library,https://cdn.gymrats.app/e1a8209a-a362-4e13-9dbf-ccb1d2c49d3b.jpg,2026-05-22T12:55:32,1792,2026-05-22T12:55:32,640800097,image/jpg,2026-05-22T12:54:12,,,
703788286,1400,library,https://cdn.gymrats.app/6a5eb71b-d0db-4173-a4ce-31c87e2b26d6.jpg,2026-05-22T12:55:32,1528,2026-05-22T12:55:32,640800097,image/jpg,2026-05-22T12:53:43,,39.15468883333333,-86.49305833333334
704400648,1206,library,https://cdn.gymrats.app/8801f201-c7f2-4f4f-8053-b410ab2cfcc3.jpg,2026-05-22T22:54:18,2622,2026-05-22T22:54:18,641408796,image/jpg,2026-05-22T22:53:44,,,
704610156,1400,library,https://cdn.gymrats.app/b2d4db5a-5cfa-4a06-bd9b-8b60d5cf61df.jpg,2026-05-23T01:04:50,1866,2026-05-23T01:04:50,641603303,image/jpg,2026-05-22T22:11:12,,,
704747778,1400,library,https://cdn.gymrats.app/3db1cbda-3318-477f-817b-a6e04bd7b443.jpg,2026-05-23T10:14:18,1050,2026-05-23T10:14:18,641732920,image/jpg,2026-05-23T10:14:02,https://cdn.gymrats.app/3db1cbda-3318-477f-817b-a6e04bd7b443.jpg,,
704859645,1400,library,https://cdn.gymrats.app/2c92b424-a36b-4112-98fa-4cbcdcecd652.jpg,2026-05-23T13:00:18,1050,2026-05-23T13:00:18,641857479,image/jpg,2026-05-23T12:57:55,,39.1547,-86.49306333333334
704859644,828,library,https://cdn.gymrats.app/bb831316-4651-4319-801c-011e5d07a016.jpg,2026-05-23T13:00:18,1792,2026-05-23T13:00:18,641857479,image/jpg,2026-05-23T12:58:25,,,
704859643,1400,library,https://cdn.gymrats.app/f9e235a3-d840-4ad0-91f9-b53f0d66b54d.jpg,2026-05-23T13:00:18,1866,2026-05-23T13:00:18,641857479,image/jpg,2026-05-23T12:59:08,,39.154686166666664,-86.49308833333333
705190104,1206,library,https://cdn.gymrats.app/46a15254-de7a-491e-9323-264e614469cc.jpg,2026-05-23T17:08:38,2622,2026-05-23T17:08:38,642188150,image/jpg,2026-05-23T16:56:53,,,
705294150,1400,library,https://cdn.gymrats.app/4cc16763-21ce-4db3-a444-7e6511f70c25.jpg,2026-05-23T19:14:43,1866,2026-05-23T19:14:43,642289220,image/jpg,2026-05-23T19:11:57,https://cdn.gymrats.app/4cc16763-21ce-4db3-a444-7e6511f70c25.jpg,,
706067027,1400,library,https://cdn.gymrats.app/861a7f51-204c-4525-9855-46c871ce3c0b.jpg,2026-05-24T20:32:25,1866,2026-05-24T20:32:25,643056482,image/jpg,2026-05-24T15:29:57,,,
706067026,1400,library,https://cdn.gymrats.app/1930ff1b-18bd-4916-8e85-37438a440f43.jpg,2026-05-24T20:32:25,1866,2026-05-24T20:32:25,643056482,image/jpg,2026-05-24T15:23:19,,,
706067025,1400,library,https://cdn.gymrats.app/e268a957-07ad-4110-955b-e716caeb9ae0.jpg,2026-05-24T20:32:25,1866,2026-05-24T20:32:25,643056482,image/jpg,2026-05-24T15:22:04,,,
706067024,1206,library,https://cdn.gymrats.app/1667f8d0-d46f-4f25-933c-681555c65bd1.jpg,2026-05-24T20:32:25,2622,2026-05-24T20:32:25,643056482,image/jpg,2026-05-24T20:30:19,,,
706280319,828,library,https://cdn.gymrats.app/542ad891-366d-4106-9106-784055475097.jpg,2026-05-25T02:11:00,1792,2026-05-25T02:11:00,643257284,image/jpg,2026-05-25T02:09:21,,,
706279327,1400,library,https://cdn.gymrats.app/fe0798a3-77e8-4778-bb58-3203ddd9cc03.jpg,2026-05-25T02:11:00,1400,2026-05-25T02:08:06,643257284,image/jpg,2026-05-24T14:41:40,,38.74342,-85.42056333333333
706279325,1400,library,https://cdn.gymrats.app/5779d9bd-8880-4be3-8e9a-f1022fe181fd.jpg,2026-05-25T02:08:06,1866,2026-05-25T02:08:06,643257284,image/jpg,2026-05-24T15:23:19,,38.75405833333333,-85.4274
706279324,1400,library,https://cdn.gymrats.app/227707b9-bd70-4ccc-a8c1-50ce1d41efbf.jpg,2026-05-25T02:08:06,1050,2026-05-25T02:08:06,643257284,image/jpg,2026-05-24T20:53:42,,,
706279323,1400,library,https://cdn.gymrats.app/2beafc0d-d35a-492e-98bc-a3620fa53d81.jpg,2026-05-25T02:08:06,1866,2026-05-25T02:08:06,643257284,image/jpg,2026-05-24T16:06:44,,38.76173,-85.42820833333333
706628940,1400,camera,https://cdn.gymrats.app/7154485d-e799-49ac-a1d6-dfa1d483fe11.jpg,2026-05-25T14:26:28,1866,2026-05-25T14:26:28,643631294,image/jpg,2026-05-25T14:26:19,https://cdn.gymrats.app/7154485d-e799-49ac-a1d6-dfa1d483fe11.jpg,,
706866299,828,library,https://cdn.gymrats.app/12fbda51-ca52-4a89-97bc-e588e59b5f99.jpg,2026-05-25T19:09:37,1792,2026-05-25T19:09:37,643871526,image/jpg,2026-05-25T19:08:38,,,
706864338,828,library,https://cdn.gymrats.app/d193a32e-c621-4027-ad2e-e3b45b6ba37a.jpg,2026-05-25T19:07:36,1792,2026-05-25T19:07:36,643871526,image/jpg,2026-05-25T19:05:04,,,
706864337,1400,library,https://cdn.gymrats.app/42db3ba0-29d1-4061-8fee-3a2ad36ebb73.jpg,2026-05-25T19:07:36,1866,2026-05-25T19:07:36,643871526,image/jpg,2026-05-25T17:33:22,,39.15473883333333,-86.49302
707139028,1400,camera,https://cdn.gymrats.app/be8b16ad-d7ce-4071-b450-0e38f0147b6b.jpg,2026-05-25T22:06:10,1866,2026-05-25T22:06:10,644146149,image/jpg,2026-05-25T22:05:59,,,
707367864,1400,camera,https://cdn.gymrats.app/4af726a8-5b45-47df-b6e4-faabda0dfd60.jpg,2026-05-25T23:29:13,1866,2026-05-25T23:29:13,644371236,image/jpg,2026-05-25T23:28:56,,,
707370699,1206,library,https://cdn.gymrats.app/8d12f6fc-1fc1-45ea-9aa1-d460d040a845.jpg,2026-05-25T23:30:11,2622,2026-05-25T23:30:11,644373742,image/jpg,2026-05-25T23:29:33,,,
707452658,1080,library,https://cdn.gymrats.app/1235b079-9fb3-4f4d-b64c-7b52a14e6fcf.jpg,2026-05-25T23:59:45,2340,2026-05-25T23:59:45,644386701,image/jpg,2026-05-25T23:59:12,https://cdn.gymrats.app/1235b079-9fb3-4f4d-b64c-7b52a14e6fcf.jpg,,
707768643,1178,library,https://cdn.gymrats.app/18619ecd-2e0d-450f-b2e8-54510676ff4f.jpg,2026-05-26T03:19:49,1179,2026-05-26T03:19:49,644743192,image/jpg,2026-05-26T03:17:48,,,
707856212,1400,library,https://cdn.gymrats.app/3df73105-3914-4942-a595-d6480d73eaf8.jpg,2026-05-26T09:53:26,1866,2026-05-26T09:53:26,644837984,image/jpg,2026-05-26T09:52:45,https://cdn.gymrats.app/3df73105-3914-4942-a595-d6480d73eaf8.jpg,,
707894565,1400,library,https://cdn.gymrats.app/e042da8d-d8a3-4fc9-a980-f5e9cdb7b037.jpg,2026-05-26T10:21:41,1866,2026-05-26T10:21:41,644880721,image/jpg,2026-05-26T10:21:04,https://cdn.gymrats.app/e042da8d-d8a3-4fc9-a980-f5e9cdb7b037.jpg,,
708052771,1206,library,https://cdn.gymrats.app/4e53443b-f7bb-4cef-b9b5-50aac0295879.jpg,2026-05-26T12:32:03,2622,2026-05-26T12:32:03,645051376,image/jpg,2026-05-26T12:31:33,,,
708078567,1400,library,https://cdn.gymrats.app/131b9521-9d87-4310-86c6-3bcb6ddd4ecf.jpg,2026-05-26T12:58:48,2486,2026-05-26T12:58:48,645077157,image/jpg,2026-05-26T11:22:42,https://cdn.gymrats.app/131b9521-9d87-4310-86c6-3bcb6ddd4ecf.jpg,,
708093698,828,library,https://cdn.gymrats.app/01827f5c-aaea-4653-8de3-8bd693365686.jpg,2026-05-26T13:14:38,1792,2026-05-26T13:14:38,645093033,image/jpg,2026-05-26T12:50:56,,,
708093697,828,library,https://cdn.gymrats.app/4f118a15-afcd-4198-a338-a76de7f928a1.jpg,2026-05-26T13:14:38,1792,2026-05-26T13:14:38,645093033,image/jpg,2026-05-26T12:50:06,,,
708093696,1400,library,https://cdn.gymrats.app/400e35fb-a50f-4724-82c9-97a4911336d0.jpg,2026-05-26T13:14:38,1866,2026-05-26T13:14:38,645093033,image/jpg,2026-05-26T12:50:42,,39.15473883333333,-86.49302
708093695,1400,library,https://cdn.gymrats.app/79589e4e-605a-42b4-982b-ebd80274a717.jpg,2026-05-26T13:14:38,1866,2026-05-26T13:14:38,645093033,image/jpg,2026-05-26T12:16:19,,39.14236116666667,-86.51525
708454905,1400,library,https://cdn.gymrats.app/f1aa7e39-9d48-4bf4-b923-f0dcd947a8e6.jpg,2026-05-26T20:07:29,1400,2026-05-26T20:07:29,645458649,image/jpg,2026-05-26T15:03:47,,,
709541576,828,library,https://cdn.gymrats.app/7a465b29-2ffc-47b4-80aa-828d8327dff2.jpg,2026-05-27T12:27:17,1792,2026-05-27T12:27:17,646545931,image/jpg,2026-05-27T11:14:28,,,
709541575,828,library,https://cdn.gymrats.app/d16d4336-4238-4ec5-a04f-a2a191e3e0a3.jpg,2026-05-27T12:27:17,1792,2026-05-27T12:27:17,646545931,image/jpg,2026-05-27T12:26:23,,,
709541574,1400,library,https://cdn.gymrats.app/7efa390d-efea-4160-ae47-b84a2071684b.jpg,2026-05-27T12:27:17,1866,2026-05-27T12:27:17,646545931,image/jpg,2026-05-27T11:14:48,,39.15470833333333,-86.493095
709541573,1400,library,https://cdn.gymrats.app/42c74326-3be1-4451-bff4-427ecea1d5b1.jpg,2026-05-27T12:27:17,1866,2026-05-27T12:27:17,646545931,image/jpg,2026-05-27T12:15:34,,39.150397166666664,-86.502845
709674063,1206,library,https://cdn.gymrats.app/847e4921-c137-4c1b-9c83-f44d237e494e.jpg,2026-05-27T14:59:03,2622,2026-05-27T14:59:03,646682206,image/jpg,2026-05-27T14:58:45,,,
710254999,1400,camera,https://cdn.gymrats.app/fc642cac-750f-49c5-a275-67f1df791409.jpg,2026-05-27T22:57:08,1866,2026-05-27T22:57:08,647268676,image/jpg,2026-05-27T22:56:23,,,
710336812,1400,library,https://cdn.gymrats.app/b9d0050a-d755-42ee-bda2-f0928baff186.jpg,2026-05-27T23:27:31,2486,2026-05-27T23:27:31,647343953,image/jpg,2026-05-27T23:25:24,https://cdn.gymrats.app/b9d0050a-d755-42ee-bda2-f0928baff186.jpg,,
710654833,1400,library,https://cdn.gymrats.app/0b237954-6d49-48bb-8165-122e3dad9b24.jpg,2026-05-28T02:07:58,1400,2026-05-28T02:07:58,647650051,image/jpg,2026-05-27T23:04:36,,,
