id,version,description,title,timezone,steps,details,duration,updated_at,points,created_at,calories,distance_miles,duration_millis,occurred_at,activity_type,apple_workout_uuid,apple_device_name,apple_source_name,account_id,workout_entry_id,google_place_id,photo_url,activity_count,activity_metric_amount,activity_type_id
616983236,v2,,✅ ✅ ,America/Fortaleza,,"{""id"":107776770,""updated_at"":""2026-05-04T12:09:01"",""created_at"":""2026-05-04T10:08:55"",""workout_id"":616983236,""location_latitude"":null,""location_longitude"":null}",,2026-05-04T10:08:55.409330Z,,2026-05-04T10:08:55.409330Z,,,,2026-05-04T10:07:55.000000Z,,,,,3875036,275096106,,https://cdn.gymrats.app/a4dcb96d-9733-495d-876b-3d8f892ef35d.jpg,0,,
616991569,v2,,Esqueci que tinha que ter selfie 🥴,America/Fortaleza,,"{""id"":107785103,""updated_at"":""2026-05-04T10:14:59"",""created_at"":""2026-05-04T10:14:59"",""workout_id"":616991569,""location_latitude"":null,""location_longitude"":null}",,2026-05-04T10:14:59.257503Z,,2026-05-04T10:14:59.257503Z,,,,2026-05-04T10:14:26.000000Z,,,,,3875036,275099814,,https://cdn.gymrats.app/e0363415-9818-4265-bd93-656359a79307.jpg,0,,
617069835,v2,,Boxing,-03:00,,"{""id"":107863369,""updated_at"":""2026-05-04T12:09:09"",""created_at"":""2026-05-04T11:13:07"",""workout_id"":617069835,""location_latitude"":null,""location_longitude"":null}",53,2026-05-04T11:16:17.216321Z,,2026-05-04T11:13:07.069279Z,377,,3191000,2026-05-04T10:19:03.463000Z,,,,,1987925,275134660,,https://cdn.gymrats.app/6751ebd3-581a-413a-beec-ac54aa329421.jpg,1,,
617136817,v2,,Bike Bootcamp,Etc/GMT+4,,"{""id"":107930350,""updated_at"":""2026-05-04T12:08:35"",""created_at"":""2026-05-04T12:08:35"",""workout_id"":617136817,""location_latitude"":null,""location_longitude"":null}",46,2026-05-04T12:08:35.933378Z,,2026-05-04T12:08:35.933378Z,367,"12,05",2775000,2026-05-04T11:19:48.000000Z,,,,,1798219,275164438,,https://cdn.gymrats.app/0b368600-6907-4d21-b528-194031db2492.jpg,1,,
617163530,v2,Foi horrível ,Functional Strength Training,America/Sao_Paulo,,"{""id"":107957062,""updated_at"":""2026-05-05T20:38:17"",""created_at"":""2026-05-04T12:33:39"",""workout_id"":617163530,""location_latitude"":null,""location_longitude"":null}",31,2026-05-04T12:35:03.583432Z,,2026-05-04T12:33:39.172648Z,175,,1874710,2026-05-04T11:20:24.000000Z,,,,,3941595,275176369,,https://cdn.gymrats.app/25ace40d-ac91-4495-b2cc-10008937ec27.jpg,1,,
617389549,v2,,Bike Peloton,-04:00,,"{""id"":108183080,""updated_at"":""2026-05-04T16:34:47"",""created_at"":""2026-05-04T16:30:17"",""workout_id"":617389549,""location_latitude"":null,""location_longitude"":null}",32,2026-05-04T18:28:23.432557Z,,2026-05-04T16:30:17.518591Z,366,12,1976000,2026-05-04T15:51:32.000000Z,,,,,1798391,275278039,,https://cdn.gymrats.app/f4a470f8-56de-4e2f-9d16-b63c74b4aaa2.jpg,1,,
617393025,v2,,Pilates,America/Sao_Paulo,,"{""id"":108186556,""updated_at"":""2026-05-04T16:35:05"",""created_at"":""2026-05-04T16:33:51"",""workout_id"":617393025,""location_latitude"":null,""location_longitude"":null}",50,2026-05-04T16:33:51.630905Z,,2026-05-04T16:33:51.630905Z,,,3000000,2026-05-04T16:32:58.000000Z,,,,,51123,275279586,,https://cdn.gymrats.app/a0e2699f-1cf2-4d4b-ae7e-b70a4401324f.jpg,1,,
617417617,v2,#OD,Musculação Tradicional,America/Sao_Paulo,,"{""id"":108211147,""updated_at"":""2026-05-04T17:02:16"",""created_at"":""2026-05-04T17:02:16"",""workout_id"":617417617,""location_latitude"":null,""location_longitude"":null}",100,2026-05-04T18:02:45.663968Z,,2026-05-04T17:02:16.205377Z,473,,6001678,2026-05-04T15:11:31.000000Z,,,,,7541260,275290581,,https://cdn.gymrats.app/3b6ef066-38d2-4d77-9083-e18d57b43b77.jpg,1,,
617451084,v2,Chamando na bota,Chamando na bota,Africa/Cairo,,"{""id"":108244613,""updated_at"":""2026-05-04T17:45:44"",""created_at"":""2026-05-04T17:45:44"",""workout_id"":617451084,""location_latitude"":null,""location_longitude"":null}",,2026-05-04T17:45:44.839477Z,,2026-05-04T17:45:44.839477Z,,,,2026-05-04T17:45:20.000000Z,,,,,5912814,275305569,,https://cdn.gymrats.app/1218c90c-d11e-4b65-9136-327e9801cabc.jpg,1,,
618062514,v2,,Bike ,America/Sao_Paulo,,"{""id"":108856035,""updated_at"":""2026-05-04T23:33:17"",""created_at"":""2026-05-04T23:33:17"",""workout_id"":618062514,""location_latitude"":null,""location_longitude"":null}",,2026-05-04T23:33:17.909394Z,,2026-05-04T23:33:17.909394Z,,,,2026-05-04T23:33:06.000000Z,,,,,2241048,275578995,,https://cdn.gymrats.app/9ba3fdb6-c5bc-4d94-8c1a-531cfa0cb4f1.jpg,0,,
618272469,v2,,MUSCULA + CARDIO SOLTINHU,America/Sao_Paulo,,"{""id"":109065980,""updated_at"":""2026-05-05T20:37:55"",""created_at"":""2026-05-05T00:52:48"",""workout_id"":618272469,""location_latitude"":""-23.53974070754999"",""location_longitude"":""-46.71396199115101""}",32,2026-05-05T00:52:48.505378Z,,2026-05-05T00:52:48.505378Z,342,"4,15",1923000,2026-05-05T00:50:00.000000Z,,,,,7538297,275672045,,https://cdn.gymrats.app/1f970b2c-92d7-4db6-b84d-09bf153a1cf9.jpg,1,,
618572658,v2,,5km dentro das 4 linhas da constituição,-03:00,4978,"{""id"":109366167,""updated_at"":""2026-05-05T20:37:40"",""created_at"":""2026-05-05T10:00:54"",""workout_id"":618572658,""location_latitude"":null,""location_longitude"":null}",30,2026-05-05T10:04:08.828441Z,,2026-05-05T10:00:54.326444Z,395,5,1807000,2026-05-05T09:19:16.000000Z,,,,,255289,275806327,,https://cdn.gymrats.app/18e5606b-32e9-4ab4-bd5b-c3f47458f2d3.jpg,1,,
618598487,v2,,Vintim de sobra,-03:00,,"{""id"":109391997,""updated_at"":""2026-05-05T10:14:27"",""created_at"":""2026-05-05T10:14:27"",""workout_id"":618598487,""location_latitude"":null,""location_longitude"":null}",21,2026-05-05T10:16:54.705182Z,,2026-05-05T10:14:27.091539Z,208,,1286000,2026-05-05T09:52:39.000000Z,,,,,255289,275817799,,https://cdn.gymrats.app/0126e19c-98f1-4aad-9de8-1e517e920898.jpg,1,,
618599498,v2,,Weight machine,-03:00,,"{""id"":109393007,""updated_at"":""2026-05-05T10:15:05"",""created_at"":""2026-05-05T10:15:05"",""workout_id"":618599498,""location_latitude"":null,""location_longitude"":null}",56,2026-05-05T10:15:48.757037Z,,2026-05-05T10:15:05.439931Z,341,,3382000,2026-05-05T09:17:33.553000Z,,,,,1987925,275818255,,https://cdn.gymrats.app/e130dfe4-a61c-46d9-8956-3b6d85e559e8.jpg,1,,
618729327,v2,,Força Guerreiras,-03:00,6,"{""id"":109522837,""updated_at"":""2026-05-05T11:36:33"",""created_at"":""2026-05-05T11:36:33"",""workout_id"":618729327,""location_latitude"":null,""location_longitude"":null}",55,2026-05-05T11:36:33.343556Z,,2026-05-05T11:36:33.343556Z,218,,3348000,2026-05-05T10:37:46.000000Z,,,,,2241048,275875918,,https://firebasestorage.googleapis.com/v0/b/gymrats-1549569453212.appspot.com/o/fst.png?alt=media&token=55dd8146-cb7e-4729-a577-e4b8a315c91d,1,,
618819194,v2,,Superiores cheeeeck,America/Indiana/Indianapolis,,"{""id"":109612704,""updated_at"":""2026-05-05T19:36:16"",""created_at"":""2026-05-05T12:49:02"",""workout_id"":618819194,""location_latitude"":null,""location_longitude"":null}",45,2026-05-05T12:56:11.069402Z,,2026-05-05T12:49:02.127053Z,129,,2729610,2026-05-05T11:32:33.000000Z,,,,,1798219,275915954,,https://cdn.gymrats.app/45a9eb05-60ed-4054-9003-ef909f1d6df8.jpg,1,,
618828828,v2,,Peito+tric,-04:00,256,"{""id"":109622337,""updated_at"":""2026-05-05T13:52:36"",""created_at"":""2026-05-05T12:58:12"",""workout_id"":618828828,""location_latitude"":null,""location_longitude"":null}",38,2026-05-05T12:58:12.799913Z,,2026-05-05T12:58:12.799913Z,186,,2318000,2026-05-05T11:34:31.000000Z,,,,,1798391,275920276,,https://cdn.gymrats.app/792d6620-ba7f-43ff-a795-8c55c2adb69a.jpg,1,,
618840398,v2,,Superiores,America/Sao_Paulo,,"{""id"":109633907,""updated_at"":""2026-05-05T13:09:04"",""created_at"":""2026-05-05T13:09:04"",""workout_id"":618840398,""location_latitude"":null,""location_longitude"":null}",50,2026-05-05T13:09:04.581237Z,,2026-05-05T13:09:04.581237Z,,,3000000,2026-05-05T12:00:00.000000Z,,,,,51123,275925457,,https://cdn.gymrats.app/85a246e1-2358-486e-8c42-5d973c98e595.jpg,1,,
619034130,v2,Hoje foi só por causa do time.,Chamando na bota!,Africa/Cairo,,"{""id"":109827089,""updated_at"":""2026-05-05T20:37:09"",""created_at"":""2026-05-05T16:18:39"",""workout_id"":619034130,""location_latitude"":""31.47385649372851"",""location_longitude"":""31.75165416380833""}",65,2026-05-05T16:18:39.865026Z,,2026-05-05T16:18:39.865026Z,327,,3903416,2026-05-05T14:59:46.000000Z,,,,,5912814,276012606,,https://cdn.gymrats.app/a377a146-92f9-478d-b534-f47652a01218.jpg,1,,
619340254,v2,🫶,Pai do Tobias tá ON,America/Fortaleza,,"{""id"":110133210,""updated_at"":""2026-05-05T21:11:17"",""created_at"":""2026-05-05T21:11:17"",""workout_id"":619340254,""location_latitude"":""-3.741980816154309"",""location_longitude"":""-38.487257157660885""}",45,2026-05-05T21:11:17.702960Z,,2026-05-05T21:11:17.702960Z,320,,2700000,2026-05-05T21:09:42.000000Z,,,,,7644605,276150196,,https://cdn.gymrats.app/684e1acd-ff5d-4f7d-a667-a2f24ba3aca1.jpg,1,,
619620194,v2,,Só pelo meu time 👯‍♀️,America/Fortaleza,,"{""id"":110413148,""updated_at"":""2026-05-06T00:24:10"",""created_at"":""2026-05-05T23:04:20"",""workout_id"":619620194,""location_latitude"":null,""location_longitude"":null}",,2026-05-05T23:04:20.509813Z,,2026-05-05T23:04:20.509813Z,,,,2026-05-05T23:03:26.000000Z,,,,,3875036,276275102,,https://cdn.gymrats.app/fec1d5c4-6b72-40f6-b0e6-407ee0bdfe5f.jpg,0,,
619630479,v2,,Running,America/Sao_Paulo,,"{""id"":110423432,""updated_at"":""2026-05-06T00:24:59"",""created_at"":""2026-05-05T23:07:38"",""workout_id"":619630479,""location_latitude"":null,""location_longitude"":null}",30,2026-05-05T23:10:26.938707Z,,2026-05-05T23:07:38.141249Z,188,,1830473,2026-05-05T22:32:48.000000Z,,,,,3941595,276279712,,https://cdn.gymrats.app/b594ae04-1a50-495e-a831-6a07046244ff.jpg,1,,
619657961,v2,,🤓,America/Fortaleza,,"{""id"":110450914,""updated_at"":""2026-05-05T23:16:45"",""created_at"":""2026-05-05T23:16:45"",""workout_id"":619657961,""location_latitude"":null,""location_longitude"":null}",,2026-05-05T23:16:45.811070Z,,2026-05-05T23:16:45.811070Z,,,,2026-05-05T23:09:06.000000Z,,,,,3875036,276291926,,https://cdn.gymrats.app/ba08164a-0608-48b2-a8d1-3bba6e9c7e95.jpg,0,,
619766143,v2,#oceandrive,penúltimo legday do ano 🔥,America/Sao_Paulo,,"{""id"":110559092,""updated_at"":""2026-05-05T23:55:34"",""created_at"":""2026-05-05T23:54:38"",""workout_id"":619766143,""location_latitude"":null,""location_longitude"":null}",100,2026-05-05T23:56:00.126463Z,,2026-05-05T23:54:38.322218Z,582,,6016502,2026-05-05T21:11:31.000000Z,,,,,7541260,276340017,,https://cdn.gymrats.app/ed9fa15e-0411-47ed-a6c3-b14ee3af30fb.jpg,1,,
619799735,v2,É o SUSSU!!!,OLHA QUEM VOLTOU???,America/Sao_Paulo,,"{""id"":110592685,""updated_at"":""2026-05-06T00:35:21"",""created_at"":""2026-05-06T00:06:02"",""workout_id"":619799735,""location_latitude"":""-23.533574617489737"",""location_longitude"":""-46.717325644611115""}",60,2026-05-06T00:06:02.169085Z,,2026-05-06T00:06:02.169085Z,,,3600000,2026-05-06T00:04:29.000000Z,,,,,7538297,276354918,,https://cdn.gymrats.app/36ccb001-75ef-4b1d-b680-a20bb588a709.jpg,1,,
619824954,v2,,Fui as 6,America/Sao_Paulo,,"{""id"":110617901,""updated_at"":""2026-05-06T00:14:48"",""created_at"":""2026-05-06T00:14:48"",""workout_id"":619824954,""location_latitude"":""-15.8348871"",""location_longitude"":""-47.9238229""}",,2026-05-06T00:14:48.707379Z,,2026-05-06T00:14:48.707379Z,,,,2026-05-06T00:14:21.797519Z,,,,,535190,276366080,,https://cdn.gymrats.app/8567f7de-09b7-4f4f-a088-5a1b4952040a.jpg,0,,
619868064,v2,,Tambem fui às 6h hein,America/Sao_Paulo,,"{""id"":110661012,""updated_at"":""2026-05-06T00:30:55"",""created_at"":""2026-05-06T00:30:55"",""workout_id"":619868064,""location_latitude"":null,""location_longitude"":null}",,2026-05-06T00:30:55.265514Z,,2026-05-06T00:30:55.265514Z,,,,2026-05-06T00:30:31.000000Z,,,,,1586631,276385192,,https://cdn.gymrats.app/87eda82e-294a-4847-aeb3-23b6fea689ad.jpg,0,,
619876719,v2,,Ah mas ping pong nao cansa,-03:00,4208,"{""id"":110669666,""updated_at"":""2026-05-06T00:34:21"",""created_at"":""2026-05-06T00:34:21"",""workout_id"":619876719,""location_latitude"":null,""location_longitude"":null}",71,2026-05-06T00:51:41.970103Z,,2026-05-06T00:34:21.976956Z,784,,4297000,2026-05-05T23:21:24.000000Z,,,,,255289,276389026,,https://cdn.gymrats.app/4d6fc6f6-0083-4c0b-b219-9abc4fdd5b1a.jpg,1,,
620167228,v2,,✔️,America/Sao_Paulo,,"{""id"":110960170,""updated_at"":""2026-05-06T09:20:58"",""created_at"":""2026-05-06T09:20:58"",""workout_id"":620167228,""location_latitude"":null,""location_longitude"":null}",,2026-05-06T09:20:58.350192Z,,2026-05-06T09:20:58.350192Z,,,,2026-05-06T09:20:50.000000Z,,,,,1586631,276518908,,https://cdn.gymrats.app/4a2586b6-35f2-47b4-b514-971f59cd829b.jpg,0,,
620167761,v2,,Aprendendo a usar como o Phelps (falando merda) previu,America/Sao_Paulo,,"{""id"":110960703,""updated_at"":""2026-05-06T09:21:33"",""created_at"":""2026-05-06T09:21:33"",""workout_id"":620167761,""location_latitude"":null,""location_longitude"":null}",,2026-05-06T09:21:33.974276Z,,2026-05-06T09:21:33.974276Z,,,,2026-05-06T09:20:32.451886Z,,,,,535190,276519149,,https://cdn.gymrats.app/199e98bb-c90e-4286-9bdd-931c365d7398.jpg,0,,
620306355,v2,,Bora,America/Sao_Paulo,,"{""id"":111099296,""updated_at"":""2026-05-06T10:59:49"",""created_at"":""2026-05-06T10:59:49"",""workout_id"":620306355,""location_latitude"":null,""location_longitude"":null}",,2026-05-06T10:59:49.569658Z,,2026-05-06T10:59:49.569658Z,,,,2026-05-06T10:59:35.000000Z,,,,,2241048,276580869,,https://cdn.gymrats.app/a59da568-0c02-464f-ae83-97504934ad47.jpg,0,,
620419726,v2,O relógio mostra automaticamente como Crosstraining pq é uma aula mista de bike + peso que eu faço na minha Peloton,Bike Bootcamp,Etc/GMT+4,,"{""id"":111212667,""updated_at"":""2026-05-06T12:18:42"",""created_at"":""2026-05-06T12:18:42"",""workout_id"":620419726,""location_latitude"":null,""location_longitude"":null}",45,2026-05-06T12:19:35.296056Z,,2026-05-06T12:18:42.215190Z,335,"10,52",2703000,2026-05-06T11:27:39.000000Z,,,,,1798219,276631219,,https://cdn.gymrats.app/4ee6205a-bce9-4a4c-8219-db762eeda9fb.jpg,1,,
620429375,v2,,fiz oq pude = inferiores 😮‍💨,America/Sao_Paulo,,"{""id"":111222316,""updated_at"":""2026-05-06T12:27:25"",""created_at"":""2026-05-06T12:27:25"",""workout_id"":620429375,""location_latitude"":null,""location_longitude"":null}",50,2026-05-06T12:27:25.273082Z,,2026-05-06T12:27:25.273082Z,,,3000000,2026-05-06T11:00:00.000000Z,,,,,51123,276635509,,https://cdn.gymrats.app/4e142461-62d4-451f-a770-3b60938e6e7f.jpg,1,,
620456293,v2,,Tennis,America/Sao_Paulo,,"{""id"":111249234,""updated_at"":""2026-05-06T14:18:49"",""created_at"":""2026-05-06T12:53:06"",""workout_id"":620456293,""location_latitude"":null,""location_longitude"":null}",67,2026-05-06T13:07:14.450893Z,,2026-05-06T12:53:06.410001Z,825,,4037242,2026-05-06T11:35:05.000000Z,,,,,3941595,276647558,,https://cdn.gymrats.app/0ca85162-ffdf-49ee-ad3e-b821ac6f04c4.jpg,1,,
620574618,v2,Nem 1 minuto a mais.,Só pra pontuar.,Africa/Cairo,,"{""id"":111367559,""updated_at"":""2026-05-06T14:55:45"",""created_at"":""2026-05-06T14:55:45"",""workout_id"":620574618,""location_latitude"":null,""location_longitude"":null}",30,2026-05-06T14:55:45.193064Z,,2026-05-06T14:55:45.193064Z,259,"2,25",1809416,2026-05-06T14:22:23.000000Z,,,,,5912814,276700611,,https://cdn.gymrats.app/112a6d37-20c0-4604-bfd2-4710c2700f6e.jpg,1,,
621106497,v2,,01:31:24 @caiorodrigues,America/Sao_Paulo,,"{""id"":111899432,""updated_at"":""2026-05-07T01:52:56"",""created_at"":""2026-05-06T22:22:18"",""workout_id"":621106497,""location_latitude"":null,""location_longitude"":null}",91,2026-05-06T22:23:12.833745Z,,2026-05-06T22:22:18.228148Z,406,,5484664,2026-05-06T20:41:56.000000Z,,,,,7541260,276939036,,https://cdn.gymrats.app/00106799-6260-420e-8448-5a99bae120db.jpg,1,,
621235136,v2,,Na força do meu time ✅,America/Fortaleza,,"{""id"":112028070,""updated_at"":""2026-05-07T01:51:27"",""created_at"":""2026-05-06T23:10:37"",""workout_id"":621235136,""location_latitude"":null,""location_longitude"":null}",,2026-05-06T23:10:37.071767Z,,2026-05-06T23:10:37.071767Z,,,,2026-05-06T23:09:51.000000Z,,,,,3875036,276996357,,https://cdn.gymrats.app/0703db52-c5ee-454f-abf5-d2cfe041c345.jpg,0,,
621240612,v2,,😴,America/Fortaleza,,"{""id"":112033546,""updated_at"":""2026-05-06T23:12:30"",""created_at"":""2026-05-06T23:12:30"",""workout_id"":621240612,""location_latitude"":null,""location_longitude"":null}",,2026-05-06T23:12:30.447534Z,,2026-05-06T23:12:30.447534Z,,,,2026-05-06T23:11:43.000000Z,,,,,3875036,276998788,,https://cdn.gymrats.app/6c38cf19-8eae-4eae-81bb-00b2c1ba40f1.jpg,0,,
621314570,v2,🇭🇺🇭🇺🇭🇺,Agora é buscar os 3 pontos!,America/Fortaleza,,"{""id"":112107502,""updated_at"":""2026-05-06T23:39:40"",""created_at"":""2026-05-06T23:39:40"",""workout_id"":621314570,""location_latitude"":""-3.7421095492314573"",""location_longitude"":""-38.48719551156839""}",75,2026-05-06T23:39:40.927915Z,,2026-05-06T23:39:40.927915Z,610,,4500000,2026-05-06T23:37:27.000000Z,,,,,7644605,277031641,,https://cdn.gymrats.app/29c5f33b-d0bf-42f8-a31b-7224621906b2.jpg,1,,
621540919,v2,Hj foi pelo time,Bike ,-04:00,,"{""id"":112333851,""updated_at"":""2026-05-07T01:40:26"",""created_at"":""2026-05-07T01:13:10"",""workout_id"":621540919,""location_latitude"":null,""location_longitude"":null}",32,2026-05-07T01:18:07.076996Z,,2026-05-07T01:13:10.673757Z,251,10,1939000,2026-05-07T00:30:31.000000Z,,,,,1798391,277132188,,https://cdn.gymrats.app/792084b6-a45a-42fa-b785-e8aa8862cca7.jpg,1,,
621592926,v2,,5km soltinhuuu,America/Sao_Paulo,,"{""id"":112385855,""updated_at"":""2026-05-07T01:45:09"",""created_at"":""2026-05-07T01:45:09"",""workout_id"":621592926,""location_latitude"":null,""location_longitude"":null}",38,2026-05-07T01:45:09.068513Z,,2026-05-07T01:45:09.068513Z,417,"5,14",2284000,2026-05-07T01:43:51.000000Z,,,,,7538297,277155403,,https://cdn.gymrats.app/69f5698f-31c9-4567-95fc-e68fb2f3c225.jpg,1,,
621716230,v2,,Riomar-Iguatemi-Riomar,-03:00,7936,"{""id"":112509161,""updated_at"":""2026-05-07T11:03:36"",""created_at"":""2026-05-07T09:02:29"",""workout_id"":621716230,""location_latitude"":null,""location_longitude"":null}",46,2026-05-07T09:06:45.044709Z,,2026-05-07T09:02:29.241908Z,606,"8,04",2785000,2026-05-07T08:08:11.000000Z,,,,,255289,277210701,,https://cdn.gymrats.app/bbf8f648-f5ae-4552-bb64-69654699da5f.jpg,1,,
621793366,v2,,😎,America/Fortaleza,,"{""id"":112586297,""updated_at"":""2026-05-07T10:11:44"",""created_at"":""2026-05-07T10:11:44"",""workout_id"":621793366,""location_latitude"":null,""location_longitude"":null}",,2026-05-07T10:11:44.933618Z,,2026-05-07T10:11:44.933618Z,,,,2026-05-07T10:11:18.000000Z,,,,,3875036,277245228,,https://cdn.gymrats.app/0f6f720a-18a2-4819-9fe4-5cf56f2ff9bf.jpg,0,,
621801857,v2,,Superior & abs 💪🏼,America/Fortaleza,,"{""id"":112594788,""updated_at"":""2026-05-07T10:17:36"",""created_at"":""2026-05-07T10:17:36"",""workout_id"":621801857,""location_latitude"":null,""location_longitude"":null}",,2026-05-07T10:17:36.878407Z,,2026-05-07T10:17:36.878407Z,,,,2026-05-07T10:16:01.000000Z,,,,,3875036,277248994,,https://cdn.gymrats.app/8894480b-a7c5-4db2-a2b1-64724a44deaf.jpg,0,,
621936022,v2,,"+1 dia, +1 Bootcamp",Etc/GMT+4,,"{""id"":112728953,""updated_at"":""2026-05-07T11:54:18"",""created_at"":""2026-05-07T11:54:18"",""workout_id"":621936022,""location_latitude"":null,""location_longitude"":null}",30,2026-05-07T13:12:08.731540Z,,2026-05-07T11:54:18.562733Z,266,"6,85",1800000,2026-05-07T11:21:32.000000Z,,,,,1798219,277308597,,https://cdn.gymrats.app/c194248c-8a91-4912-9588-39b0897153b2.jpg,1,,
621952050,v2,,MUSCULEISSON,America/Sao_Paulo,,"{""id"":112744981,""updated_at"":""2026-05-07T12:06:39"",""created_at"":""2026-05-07T12:06:39"",""workout_id"":621952050,""location_latitude"":null,""location_longitude"":null}",45,2026-05-07T12:06:39.057378Z,,2026-05-07T12:06:39.057378Z,,,2700000,2026-05-07T12:05:35.000000Z,,,,,7538297,277315726,,https://cdn.gymrats.app/ca28f8ef-6de3-4638-87a9-fefef2342b16.jpg,1,,
622159704,v2,peço respeito pelo exercício de hj ✋,vinyasa yoga,America/Sao_Paulo,,"{""id"":112952631,""updated_at"":""2026-05-07T15:44:11"",""created_at"":""2026-05-07T15:44:11"",""workout_id"":622159704,""location_latitude"":null,""location_longitude"":null}",50,2026-05-07T15:44:11.969495Z,,2026-05-07T15:44:11.969495Z,,,3000000,2026-05-07T13:00:00.000000Z,,,,,51123,277408940,,https://cdn.gymrats.app/3ceb980a-3192-493d-89f9-5229ee66be80.jpg,1,,
622487006,v2,,A mãe tá on ,America/Fortaleza,,"{""id"":113279931,""updated_at"":""2026-05-07T21:20:42"",""created_at"":""2026-05-07T21:20:42"",""workout_id"":622487006,""location_latitude"":null,""location_longitude"":null}",64,2026-05-07T21:20:42.069500Z,,2026-05-07T21:20:42.069500Z,,,3840000,2026-05-07T21:18:41.000000Z,,,,,401109,277555792,,https://cdn.gymrats.app/7324b093-f81c-45e3-ad9e-89b870f84671.jpg,1,,
622491662,v2,,O Agassi do Agreste!,America/Fortaleza,,"{""id"":113284586,""updated_at"":""2026-05-07T21:47:24"",""created_at"":""2026-05-07T21:23:24"",""workout_id"":622491662,""location_latitude"":""-3.751291603704586"",""location_longitude"":""-38.498846341327955""}",52,2026-05-07T21:23:24.206016Z,,2026-05-07T21:23:24.206016Z,553,,3120000,2026-05-07T21:21:44.000000Z,,,,,7644605,277557865,,https://cdn.gymrats.app/afb5eaf4-d7aa-4c17-9013-b01722d77ebb.jpg,1,,
622694724,v2,,costa direita e costa esquerda ✅,America/Sao_Paulo,,"{""id"":113487649,""updated_at"":""2026-05-07T22:56:59"",""created_at"":""2026-05-07T22:56:59"",""workout_id"":622694724,""location_latitude"":null,""location_longitude"":null}",81,2026-05-07T23:01:41.490856Z,,2026-05-07T22:56:59.198470Z,495,,4878922,2026-05-07T19:15:52.000000Z,,,,,7541260,277648358,,https://cdn.gymrats.app/b3ec50e8-a8bb-4f54-83d9-6288fbf97171.jpg,1,,
622778034,v2,,Força ,-03:00,16,"{""id"":113570959,""updated_at"":""2026-05-07T23:29:37"",""created_at"":""2026-05-07T23:29:37"",""workout_id"":622778034,""location_latitude"":null,""location_longitude"":null}",60,2026-05-07T23:29:37.212124Z,,2026-05-07T23:29:37.212124Z,274,,3635000,2026-05-07T22:24:37.000000Z,,,,,2241048,277685410,,https://firebasestorage.googleapis.com/v0/b/gymrats-1549569453212.appspot.com/o/fst.png?alt=media&token=55dd8146-cb7e-4729-a577-e4b8a315c91d,1,,
623116490,v2,Sofrida,Bike,-04:00,,"{""id"":113909414,""updated_at"":""2026-05-08T02:45:05"",""created_at"":""2026-05-08T02:44:02"",""workout_id"":623116490,""location_latitude"":null,""location_longitude"":null}",32,2026-05-08T02:44:26.492045Z,,2026-05-08T02:44:02.405513Z,187,9,1946000,2026-05-08T02:08:11.000000Z,,,,,1798391,277835763,,https://cdn.gymrats.app/39e83cb1-7bf1-44c5-9052-afc6491b0c42.jpg,1,,
623180555,v2,,1 dia após falhar,America/Sao_Paulo,,"{""id"":113973479,""updated_at"":""2026-05-09T19:34:36"",""created_at"":""2026-05-08T09:08:51"",""workout_id"":623180555,""location_latitude"":null,""location_longitude"":null}",,2026-05-08T09:08:51.889188Z,,2026-05-08T09:08:51.889188Z,,,,2026-05-08T09:07:58.416973Z,,,,,535190,277864506,,https://cdn.gymrats.app/7ce3e4e7-c9c8-4026-84a0-80949c246980.jpg,0,,
623240232,v2,,Tete check ✔️,America/Sao_Paulo,,"{""id"":114033155,""updated_at"":""2026-05-08T10:09:26"",""created_at"":""2026-05-08T10:09:26"",""workout_id"":623240232,""location_latitude"":null,""location_longitude"":null}",,2026-05-08T10:09:26.553555Z,,2026-05-08T10:09:26.553555Z,,,,2026-05-08T10:09:09.000000Z,,,,,1586631,277891260,,https://cdn.gymrats.app/61499613-f4e4-4910-ad6c-c96ab1ed4fa7.jpg,0,,
623402721,v2,,Bootcamp - Superiores ,Etc/GMT+4,,"{""id"":114195644,""updated_at"":""2026-05-08T13:46:03"",""created_at"":""2026-05-08T12:17:09"",""workout_id"":623402721,""location_latitude"":null,""location_longitude"":null}",45,2026-05-08T13:50:19.097921Z,,2026-05-08T12:17:09.756652Z,357,"8,53",2700000,2026-05-08T11:20:49.000000Z,,,,,1798219,277963368,,https://cdn.gymrats.app/c0fdefa1-446c-475c-85c0-dced6510b548.jpg,1,,
623567212,v2,Foi o que deu hoje,Against all odds,Africa/Cairo,,"{""id"":114360133,""updated_at"":""2026-05-08T16:39:10"",""created_at"":""2026-05-08T15:22:18"",""workout_id"":623567212,""location_latitude"":null,""location_longitude"":null}",57,2026-05-08T15:24:40.233487Z,,2026-05-08T15:22:18.333875Z,320,,3472000,2026-05-08T14:12:42.000000Z,,,,,5912814,278036999,,https://cdn.gymrats.app/d51711ea-80da-4816-aae2-526e69d283df.jpg,1,,
623908090,v2,,✅,America/Sao_Paulo,,"{""id"":114701009,""updated_at"":""2026-05-08T21:42:25"",""created_at"":""2026-05-08T21:30:50"",""workout_id"":623908090,""location_latitude"":null,""location_longitude"":null}",,2026-05-08T21:30:50.915809Z,,2026-05-08T21:30:50.915809Z,,,,2026-05-08T21:30:34.000000Z,,,,,2241048,278189391,,https://cdn.gymrats.app/fb7c80d7-4f32-44c4-84e7-b03bf9f35be3.jpg,0,,
623955814,v2,Recuperando o cardio,Bike,-04:00,,"{""id"":114748733,""updated_at"":""2026-05-08T22:32:01"",""created_at"":""2026-05-08T21:59:27"",""workout_id"":623955814,""location_latitude"":null,""location_longitude"":null}",34,2026-05-08T21:59:27.595217Z,,2026-05-08T21:59:27.595217Z,300,11,2047000,2026-05-08T21:22:58.000000Z,,,,,1798391,278210625,,https://cdn.gymrats.app/72924cfa-0980-4d91-bee9-b33b4604948d.jpg,1,,
624090725,v2,,Musculação Tradicional,America/Sao_Paulo,,"{""id"":114883642,""updated_at"":""2026-05-08T23:11:24"",""created_at"":""2026-05-08T23:11:24"",""workout_id"":624090725,""location_latitude"":null,""location_longitude"":null}",71,2026-05-08T23:14:10.338913Z,,2026-05-08T23:11:24.181789Z,513,,4277637,2026-05-08T21:38:35.000000Z,,,,,7541260,278270358,,https://cdn.gymrats.app/f550ae24-4a92-4a04-834b-e0cbc1e9475b.jpg,1,,
624406545,v2,,Fortaleza - 09/05 Sab - CORRIDA RODAGEM 12 K,-03:00,11404,"{""id"":115199462,""updated_at"":""2026-05-09T19:33:58"",""created_at"":""2026-05-09T09:49:22"",""workout_id"":624406545,""location_latitude"":null,""location_longitude"":null}",66,2026-05-09T10:08:57.981474Z,,2026-05-09T09:49:22.081542Z,897,12,3992000,2026-05-09T08:37:05.000000Z,,,,,255289,278411210,,https://cdn.gymrats.app/41793cc9-5fba-42a0-90c8-479369fccfd8.jpg,1,,
624424509,v2,Chamando na bota! ,5 dias fora!,Africa/Cairo,,"{""id"":115217426,""updated_at"":""2026-05-09T10:48:16"",""created_at"":""2026-05-09T10:35:43"",""workout_id"":624424509,""location_latitude"":""31.47384955434515"",""location_longitude"":""31.751646839449528""}",78,2026-05-09T10:35:43.519530Z,,2026-05-09T10:35:43.519530Z,419,,4684930,2026-05-09T09:15:28.000000Z,,,,,5912814,278419336,,https://cdn.gymrats.app/9f0d64b8-2c52-48c8-af0f-567466a751fd.jpg,1,,
624767366,v2,,Musculação de sabaduuuu ,America/Indiana/Indianapolis,,"{""id"":115560282,""updated_at"":""2026-05-09T15:12:06"",""created_at"":""2026-05-09T15:12:06"",""workout_id"":624767366,""location_latitude"":""39.162976281062036"",""location_longitude"":""-86.49813036116281""}",51,2026-05-09T15:32:36.506769Z,,2026-05-09T15:12:06.227722Z,165,,3069064,2026-05-09T14:00:45.000000Z,,,,,1798219,278570591,,https://cdn.gymrats.app/ff0b7adb-12c8-4b17-b1a2-62337e6f5dcf.jpg,1,,
624893987,v2,🔥🔥🔥,O Agassi da Areia,America/Fortaleza,,"{""id"":115686903,""updated_at"":""2026-05-09T16:51:29"",""created_at"":""2026-05-09T16:51:29"",""workout_id"":624893987,""location_latitude"":""-3.746504641091973"",""location_longitude"":""-38.466687500794244""}",45,2026-05-09T16:51:29.136403Z,,2026-05-09T16:51:29.136403Z,438,,2700000,2026-05-09T16:48:47.000000Z,,,,,7644605,278625896,,https://cdn.gymrats.app/f7a2ee62-72af-46b9-8af0-ac0d0cdccf98.jpg,1,,
624943319,v2,"N aguento mais, quero voltar pra academia",Bike,-04:00,,"{""id"":115736234,""updated_at"":""2026-05-09T17:47:37"",""created_at"":""2026-05-09T17:47:37"",""workout_id"":624943319,""location_latitude"":""39.15472091779844"",""location_longitude"":""-86.49301230246729""}",32,2026-05-09T17:47:56.956655Z,,2026-05-09T17:47:37.369350Z,229,9,1947000,2026-05-09T17:12:32.000000Z,,,,,1798391,278647539,,https://cdn.gymrats.app/91fe6620-f122-4c00-83f7-cdf444ad5afd.jpg,1,,
624946356,v2,,Entreguei o mínimo 🫩,America/Sao_Paulo,,"{""id"":115739271,""updated_at"":""2026-05-09T17:51:46"",""created_at"":""2026-05-09T17:51:46"",""workout_id"":624946356,""location_latitude"":null,""location_longitude"":null}",,2026-05-09T17:51:46.252599Z,,2026-05-09T17:51:46.252599Z,,,,2026-05-09T17:50:29.000000Z,,,,,51123,278648894,,https://cdn.gymrats.app/de32ca42-a7c3-4a3e-a770-b7f7c7f61f9f.jpg,0,,
624976721,v2,,Com o tênis do meu pai ✌️,America/Fortaleza,,"{""id"":115769636,""updated_at"":""2026-05-09T19:24:54"",""created_at"":""2026-05-09T18:31:04"",""workout_id"":624976721,""location_latitude"":""-3.749731539514504"",""location_longitude"":""-38.49096478603787""}",31,2026-05-09T18:31:04.232131Z,,2026-05-09T18:31:04.232131Z,,,1860000,2026-05-09T18:28:21.000000Z,,,,,401109,278662217,,https://cdn.gymrats.app/a1ca7f55-0e6d-4fd8-a45f-8bdd1c44fdf6.jpg,1,,
625015438,v2,,Pense na vontade 🥴,America/Fortaleza,,"{""id"":115808351,""updated_at"":""2026-05-09T19:19:49"",""created_at"":""2026-05-09T19:19:49"",""workout_id"":625015438,""location_latitude"":null,""location_longitude"":null}",,2026-05-09T19:19:49.774763Z,,2026-05-09T19:19:49.774763Z,,,,2026-05-09T19:19:37.000000Z,,,,,3875036,278679329,,https://cdn.gymrats.app/c8bf1027-0d81-41b2-9c51-b9bbb8cc73a3.jpg,0,,
625091410,v2,,Exercise bike,-03:00,,"{""id"":115884320,""updated_at"":""2026-05-09T20:53:46"",""created_at"":""2026-05-09T20:53:46"",""workout_id"":625091410,""location_latitude"":null,""location_longitude"":null}",41,2026-05-09T20:55:14.347453Z,,2026-05-09T20:53:46.550791Z,280,,2466000,2026-05-09T20:12:07.249000Z,,,,,1987925,278713009,,https://cdn.gymrats.app/a6abd75a-0887-46f5-af3c-53bcd7bdea0c.jpg,1,,
625092073,v2,,"Esse não vai contar não, bobão",-03:00,,"{""id"":115884983,""updated_at"":""2026-05-11T00:57:33"",""created_at"":""2026-05-09T20:54:30"",""workout_id"":625092073,""location_latitude"":null,""location_longitude"":null}",42,2026-05-09T21:00:05.430404Z,,2026-05-09T20:54:30.265986Z,295,,2571000,2026-05-09T20:11:12.000000Z,,,,,255289,278713295,,https://cdn.gymrats.app/0e500320-8800-4430-9570-50346b5157da.jpg,1,,
625222980,v2,,dia oficial da bike,America/Sao_Paulo,,"{""id"":116015891,""updated_at"":""2026-05-10T00:01:34"",""created_at"":""2026-05-10T00:01:34"",""workout_id"":625222980,""location_latitude"":null,""location_longitude"":null}",44,2026-05-10T00:03:36.953654Z,,2026-05-10T00:01:34.416203Z,303,,2673072,2026-05-09T22:07:30.000000Z,,,,,7541260,278771597,,https://cdn.gymrats.app/55508d50-46b9-4af6-9b6e-e0698629bf46.jpg,1,,
625430007,v2,,Futurevaldo,America/Sao_Paulo,,"{""id"":116222917,""updated_at"":""2026-05-10T13:12:10"",""created_at"":""2026-05-10T13:12:10"",""workout_id"":625430007,""location_latitude"":null,""location_longitude"":null}",,2026-05-10T13:12:10.240484Z,,2026-05-10T13:12:10.240484Z,,,,2026-05-10T13:12:00.770660Z,,,,,535190,278864063,,https://cdn.gymrats.app/df97ebc8-e8dc-4778-9696-820a0ba7eca5.jpg,0,,
625614810,v2,Só isso que tenho a dizer ,Não é fácil treinar inferiores com pé quebrado ,America/Indiana/Indianapolis,,"{""id"":116407718,""updated_at"":""2026-05-10T17:00:20"",""created_at"":""2026-05-10T17:00:20"",""workout_id"":625614810,""location_latitude"":null,""location_longitude"":null}",42,2026-05-10T17:00:37.738988Z,,2026-05-10T17:00:20.278690Z,130,,2565387,2026-05-10T16:07:31.000000Z,,,,,1798219,278944933,,https://cdn.gymrats.app/34e34fad-e8bc-4b1e-b4cb-16be5b966007.jpg,1,,
625627227,v2,De ressaca,Costas + biceps ,-04:00,306,"{""id"":116420135,""updated_at"":""2026-05-10T17:39:47"",""created_at"":""2026-05-10T17:32:30"",""workout_id"":625627227,""location_latitude"":null,""location_longitude"":null}",38,2026-05-10T17:42:00.748155Z,,2026-05-10T17:32:30.534811Z,226,,2336000,2026-05-10T16:11:20.000000Z,,,,,1798391,278950415,,https://cdn.gymrats.app/ce05ad47-7878-4def-9c19-e689b2867ade.jpg,1,,
625629296,v2,,Cardio + 💪🏽,America/Sao_Paulo,,"{""id"":116422204,""updated_at"":""2026-05-10T17:39:01"",""created_at"":""2026-05-10T17:39:01"",""workout_id"":625629296,""location_latitude"":null,""location_longitude"":null}",40,2026-05-10T17:39:01.384162Z,,2026-05-10T17:39:01.384162Z,241,2,2400000,2026-05-10T17:38:10.000000Z,,,,,2241048,278951335,,https://cdn.gymrats.app/fc9c8038-421c-44ac-833c-55c14a3a881f.jpg,1,,
625630882,v2,,Fiz o minimo,America/Sao_Paulo,,"{""id"":116423789,""updated_at"":""2026-05-11T00:56:18"",""created_at"":""2026-05-10T17:43:59"",""workout_id"":625630882,""location_latitude"":null,""location_longitude"":null}",45,2026-05-10T17:43:59.501031Z,,2026-05-10T17:43:59.501031Z,525,,2700000,2026-05-10T17:43:09.000000Z,,,,,7538297,278952044,,https://cdn.gymrats.app/4fc59afe-2d80-4b89-9bf1-d6a41054749d.jpg,1,,
625713814,v2,,HIIT,-03:00,,"{""id"":116506722,""updated_at"":""2026-05-10T21:13:49"",""created_at"":""2026-05-10T21:13:49"",""workout_id"":625713814,""location_latitude"":null,""location_longitude"":null}",51,2026-05-11T01:19:54.680570Z,,2026-05-10T21:13:49.336372Z,332,,3062000,2026-05-10T20:22:08.000000Z,,,,,255289,278988909,,https://cdn.gymrats.app/8a1578e1-be28-4bcc-8dc2-31a410cb4bea.jpg,1,,
625717002,v2,,Weight machine,-03:00,,"{""id"":116509910,""updated_at"":""2026-05-10T21:19:08"",""created_at"":""2026-05-10T21:19:08"",""workout_id"":625717002,""location_latitude"":null,""location_longitude"":null}",57,2026-05-10T21:19:39.338785Z,,2026-05-10T21:19:08.720310Z,321,,3460000,2026-05-10T20:20:21.802000Z,,,,,1987925,278990313,,https://cdn.gymrats.app/0213544b-59ab-4bde-b766-12ee50b211aa.jpg,1,,
625861104,v2,,Musculação Tradicional,America/Sao_Paulo,,"{""id"":116654011,""updated_at"":""2026-05-11T01:54:24"",""created_at"":""2026-05-11T01:54:24"",""workout_id"":625861104,""location_latitude"":null,""location_longitude"":null}",83,2026-05-11T01:54:48.684280Z,,2026-05-11T01:54:24.586649Z,452,,5034134,2026-05-10T21:31:54.000000Z,,,,,7541260,279054840,,https://cdn.gymrats.app/adaae6bb-ae49-4180-bd64-fd609d57903d.jpg,1,,
625999517,v2,,Pós treino no Ministério da Magia,America/Sao_Paulo,,"{""id"":116792423,""updated_at"":""2026-05-11T17:02:11"",""created_at"":""2026-05-11T10:25:11"",""workout_id"":625999517,""location_latitude"":null,""location_longitude"":null}",,2026-05-11T10:25:11.268089Z,,2026-05-11T10:25:11.268089Z,,,,2026-05-11T10:24:59.050188Z,,,,,535190,279116851,,https://cdn.gymrats.app/ec2a4106-6a43-4563-b539-6c54d523767b.jpg,0,,
626142649,v2,Qualquer gota de paciencia ja foi devidamente eliminada,Segunda de Legday,-04:00,286,"{""id"":116935554,""updated_at"":""2026-05-11T12:31:46"",""created_at"":""2026-05-11T12:31:46"",""workout_id"":626142649,""location_latitude"":""39.154707405388116"",""location_longitude"":""-86.493082656354""}",36,2026-05-11T12:31:46.242174Z,,2026-05-11T12:31:46.242174Z,128,,2208000,2026-05-11T11:34:29.000000Z,,,,,1798391,279180468,,https://cdn.gymrats.app/a360c0cd-928b-4ea8-b31e-4d70a6a91a4f.jpg,1,,
626173212,v2,,Musculação 45’ + Bike 15’,America/Indiana/Indianapolis,,"{""id"":116966117,""updated_at"":""2026-05-11T13:05:58"",""created_at"":""2026-05-11T13:05:58"",""workout_id"":626173212,""location_latitude"":""39.15473270424864"",""location_longitude"":""-86.49305645737796""}",60,2026-05-11T13:07:06.734942Z,,2026-05-11T13:05:58.434227Z,308,"6,13",3627000,2026-05-11T11:31:00.000000Z,,,,,1798219,279194224,,https://cdn.gymrats.app/4825c9e7-689a-4e2c-831e-1909c7154657.jpg,1,,
626361612,v2,Foi o que deu hj,4 dias fora!,Africa/Cairo,,"{""id"":117154514,""updated_at"":""2026-05-11T16:33:04"",""created_at"":""2026-05-11T16:33:04"",""workout_id"":626361612,""location_latitude"":null,""location_longitude"":null}",55,2026-05-11T16:33:04.110870Z,,2026-05-11T16:33:04.110870Z,257,,3321348,2026-05-11T15:35:26.000000Z,,,,,5912814,279278740,,https://cdn.gymrats.app/8574ac94-cc8f-4c6c-a619-27d6ebf9c37f.jpg,1,,
626692978,v2,,CrossFitinhuuuu,America/Sao_Paulo,,"{""id"":117485877,""updated_at"":""2026-05-11T21:31:48"",""created_at"":""2026-05-11T21:31:48"",""workout_id"":626692978,""location_latitude"":null,""location_longitude"":null}",60,2026-05-11T21:31:48.826764Z,,2026-05-11T21:31:48.826764Z,,,3600000,2026-05-11T21:29:59.000000Z,,,,,7538297,279427697,,https://cdn.gymrats.app/93d52088-334d-4dba-80ab-b534e90213bc.jpg,1,,
626775603,v2,,Feito é melhor que perfeito. ,America/Fortaleza,,"{""id"":117568501,""updated_at"":""2026-05-13T22:31:05"",""created_at"":""2026-05-11T22:06:58"",""workout_id"":626775603,""location_latitude"":null,""location_longitude"":null}",35,2026-05-11T22:06:58.914209Z,,2026-05-11T22:06:58.914209Z,,,2100000,2026-05-11T22:05:54.000000Z,,,,,401109,279464486,,https://cdn.gymrats.app/9193ac27-aab3-4e27-bf01-869227c220d8.jpg,1,,
626778567,v2,🔥🥾,Nós 3 ,America/Fortaleza,,"{""id"":117571465,""updated_at"":""2026-05-11T22:08:04"",""created_at"":""2026-05-11T22:08:04"",""workout_id"":626778567,""location_latitude"":""-3.742069812904117"",""location_longitude"":""-38.487188468519356""}",69,2026-05-11T22:08:04.366739Z,,2026-05-11T22:08:04.366739Z,588,,4158000,2026-05-11T22:06:47.000000Z,,,,,7644605,279465809,,https://cdn.gymrats.app/512280e1-c90a-4046-8b3e-82a6204dc1a9.jpg,1,,
626935850,v2,,Cardio ,America/Sao_Paulo,,"{""id"":117728746,""updated_at"":""2026-05-11T23:05:24"",""created_at"":""2026-05-11T23:05:24"",""workout_id"":626935850,""location_latitude"":null,""location_longitude"":null}",,2026-05-11T23:05:24.793695Z,,2026-05-11T23:05:24.793695Z,,,,2026-05-11T23:05:15.000000Z,,,,,2241048,279535617,,https://cdn.gymrats.app/9b03534e-e1ed-46f9-b270-4db2ba1fba74.jpg,0,,
626945603,v2,"Costas + Triceps + Pernas em 30min, dai tu tira",Hoje foi com ela: a regra debaixo do braço,-03:00,,"{""id"":117738500,""updated_at"":""2026-05-12T17:31:58"",""created_at"":""2026-05-11T23:08:31"",""workout_id"":626945603,""location_latitude"":null,""location_longitude"":null}",30,2026-05-11T23:10:37.742051Z,,2026-05-11T23:08:31.228409Z,195,,1811000,2026-05-11T22:37:56.000000Z,,,,,255289,279539942,,https://cdn.gymrats.app/32ab57ac-5d60-454d-ad6d-ae214a6875af.jpg,1,,
626978353,v2,,💪🏼💪🏼,America/Fortaleza,,"{""id"":117771249,""updated_at"":""2026-05-11T23:19:39"",""created_at"":""2026-05-11T23:19:39"",""workout_id"":626978353,""location_latitude"":null,""location_longitude"":null}",,2026-05-11T23:19:39.432750Z,,2026-05-11T23:19:39.432750Z,,,,2026-05-11T23:19:28.000000Z,,,,,3875036,279554451,,https://cdn.gymrats.app/e6d5462f-f599-4731-a7d1-7cdb989ee8a3.jpg,0,,
626996108,v2,,Treinando sério enquanto ele enrola,-03:00,,"{""id"":117789004,""updated_at"":""2026-05-11T23:25:46"",""created_at"":""2026-05-11T23:25:46"",""workout_id"":626996108,""location_latitude"":null,""location_longitude"":null}",46,2026-05-11T23:26:27.399179Z,,2026-05-11T23:25:46.461582Z,266,,2785000,2026-05-11T22:39:04.428000Z,,,,,1987925,279562340,,https://cdn.gymrats.app/30ca8e9f-789f-42e3-b998-46e324de1abe.jpg,1,,
627166150,v2,,treininho _with a view_,America/Sao_Paulo,,"{""id"":117959044,""updated_at"":""2026-05-12T17:31:36"",""created_at"":""2026-05-12T00:28:06"",""workout_id"":627166150,""location_latitude"":null,""location_longitude"":null}",75,2026-05-12T00:30:26.343986Z,,2026-05-12T00:28:06.140400Z,599,,4503406,2026-05-11T20:12:42.000000Z,,,,,7541260,279637568,,https://cdn.gymrats.app/ea24ff92-fd05-4b69-928c-dd47e1505fdb.jpg,1,,
627282406,v2,,No limite do bom senso,America/Sao_Paulo,,"{""id"":118075296,""updated_at"":""2026-05-12T17:32:20"",""created_at"":""2026-05-12T01:23:09"",""workout_id"":627282406,""location_latitude"":null,""location_longitude"":null}",,2026-05-12T01:23:09.098958Z,,2026-05-12T01:23:09.098958Z,,,,2026-05-12T01:22:55.000000Z,,,,,3941595,279689193,,https://cdn.gymrats.app/dd37d263-26ee-44d9-afd2-c4769e1c8fec.jpg,0,,
627284434,v2,,Walking,America/Sao_Paulo,,"{""id"":118077324,""updated_at"":""2026-05-12T01:24:28"",""created_at"":""2026-05-12T01:24:28"",""workout_id"":627284434,""location_latitude"":null,""location_longitude"":null}",30,2026-05-12T01:24:28.758292Z,,2026-05-12T01:24:28.758292Z,66,,1823295,2026-05-11T23:05:21.000000Z,,,,,3941595,279690100,,https://firebasestorage.googleapis.com/v0/b/gymrats-1549569453212.appspot.com/o/walking.png?alt=media&token=50349de6-a530-4221-a517-f82df5da424a,1,,
627445556,v2,,Brasólia,America/Sao_Paulo,,"{""id"":118238445,""updated_at"":""2026-05-12T09:19:26"",""created_at"":""2026-05-12T09:19:26"",""workout_id"":627445556,""location_latitude"":null,""location_longitude"":null}",,2026-05-12T09:19:26.413077Z,,2026-05-12T09:19:26.413077Z,,,,2026-05-12T09:19:08.389652Z,,,,,535190,279762205,,https://cdn.gymrats.app/cce2c12d-8b6c-4b5b-ae2b-8b7435f81a97.jpg,0,,
627458662,v2,,🤩,America/Sao_Paulo,,"{""id"":118251551,""updated_at"":""2026-05-12T09:32:57"",""created_at"":""2026-05-12T09:32:57"",""workout_id"":627458662,""location_latitude"":null,""location_longitude"":null}",,2026-05-12T09:32:57.582608Z,,2026-05-12T09:32:57.582608Z,,,,2026-05-12T09:32:51.000000Z,,,,,1586631,279768055,,https://cdn.gymrats.app/2a8d9f57-e55f-4ae3-9e9f-7bf9cd4ddeeb.jpg,0,,
627499663,v2,Eu não tenho dúvidas que o inferno é composto de HIIT todos os dias antes das 6 da manhã ,HIIT Bike ,Etc/GMT+4,,"{""id"":118292552,""updated_at"":""2026-05-12T10:04:40"",""created_at"":""2026-05-12T10:04:40"",""workout_id"":627499663,""location_latitude"":null,""location_longitude"":null}",30,2026-05-12T10:04:40.266968Z,,2026-05-12T10:04:40.266968Z,318,"12,32",1851000,2026-05-12T09:30:40.000000Z,,,,,1798219,279786350,,https://cdn.gymrats.app/17e79537-c8a6-42b8-80a2-2d383f814261.jpg,1,,
627611618,v2,,Boxing,-03:00,,"{""id"":118404506,""updated_at"":""2026-05-12T11:19:58"",""created_at"":""2026-05-12T11:19:58"",""workout_id"":627611618,""location_latitude"":null,""location_longitude"":null}",53,2026-05-12T11:20:37.966529Z,,2026-05-12T11:19:58.897343Z,428,,3208000,2026-05-12T10:20:44.132000Z,,,,,1987925,279835931,,https://cdn.gymrats.app/35346780-9a5a-4eb3-9cac-3f906979da08.jpg,1,,
627639080,v2,,Força ,-03:00,20,"{""id"":118431968,""updated_at"":""2026-05-12T11:40:44"",""created_at"":""2026-05-12T11:40:44"",""workout_id"":627639080,""location_latitude"":null,""location_longitude"":null}",60,2026-05-12T11:40:44.577772Z,,2026-05-12T11:40:44.577772Z,237,,3638000,2026-05-12T10:33:04.000000Z,,,,,2241048,279848187,,https://firebasestorage.googleapis.com/v0/b/gymrats-1549569453212.appspot.com/o/fst.png?alt=media&token=55dd8146-cb7e-4729-a577-e4b8a315c91d,1,,
627852922,v2,,#nois,Africa/Cairo,,"{""id"":118645810,""updated_at"":""2026-05-12T22:31:01"",""created_at"":""2026-05-12T15:11:19"",""workout_id"":627852922,""location_latitude"":null,""location_longitude"":null}",54,2026-05-12T15:11:19.428748Z,,2026-05-12T15:11:19.428748Z,255,,3293944,2026-05-12T14:15:16.000000Z,,,,,5912814,279943949,,https://cdn.gymrats.app/7771cca2-ea05-425e-bef0-cdc4e1af8dfa.jpg,1,,
627873213,v2,,Done ❤️,America/Fortaleza,,"{""id"":118666101,""updated_at"":""2026-05-12T15:30:32"",""created_at"":""2026-05-12T15:30:32"",""workout_id"":627873213,""location_latitude"":null,""location_longitude"":null}",74,2026-05-12T15:30:32.680387Z,,2026-05-12T15:30:32.680387Z,460,,4440000,2026-05-12T15:30:05.000000Z,,,,,7644605,279953079,,https://cdn.gymrats.app/a0a74ad8-2fb2-4906-b631-bd666449984a.jpg,1,,
628156467,v2,,Minha testemunha de hoje que esqueci o relógio! ,America/Fortaleza,,"{""id"":118949353,""updated_at"":""2026-05-13T11:57:56"",""created_at"":""2026-05-12T20:24:26"",""workout_id"":628156467,""location_latitude"":null,""location_longitude"":null}",60,2026-05-12T20:24:26.382549Z,,2026-05-12T20:24:26.382549Z,,,3600000,2026-05-12T20:23:50.000000Z,,,,,401109,280079965,,https://cdn.gymrats.app/1804a586-d954-4080-b57f-9fd38835c4db.jpg,1,,
628260199,v2,Garmin nunca tá contente,Bike,-04:00,,"{""id"":119053084,""updated_at"":""2026-05-12T23:17:52"",""created_at"":""2026-05-12T21:26:20"",""workout_id"":628260199,""location_latitude"":null,""location_longitude"":null}",50,2026-05-12T21:27:54.554400Z,,2026-05-12T21:26:20.659822Z,436,15,3009000,2026-05-12T20:32:45.000000Z,,,,,1798391,280126517,,https://cdn.gymrats.app/284dfeb6-138c-499f-808c-e58aa954165a.jpg,1,,
628408578,v2,,Cross Fiteiro Praia,America/Sao_Paulo,,"{""id"":119201460,""updated_at"":""2026-05-12T22:29:27"",""created_at"":""2026-05-12T22:29:27"",""workout_id"":628408578,""location_latitude"":null,""location_longitude"":null}",60,2026-05-12T22:29:27.950370Z,,2026-05-12T22:29:27.950370Z,,,3600000,2026-05-12T22:28:07.000000Z,,,,,7538297,280192799,,https://cdn.gymrats.app/d5486bc2-c1db-440b-99c9-8f0da1860a70.jpg,1,,
628766361,v2,,Dia do ping,-03:00,4078,"{""id"":119559239,""updated_at"":""2026-05-13T00:44:13"",""created_at"":""2026-05-13T00:44:13"",""workout_id"":628766361,""location_latitude"":null,""location_longitude"":null}",75,2026-05-13T00:44:57.635484Z,,2026-05-13T00:44:13.824841Z,916,,4516000,2026-05-12T23:16:35.000000Z,,,,,255289,280351794,,https://cdn.gymrats.app/8e47c5f1-b7f6-4ab4-8645-fff2ca0115ab.jpg,1,,
628791327,v2,,🤙,America/Sao_Paulo,,"{""id"":119584205,""updated_at"":""2026-05-13T00:55:58"",""created_at"":""2026-05-13T00:55:58"",""workout_id"":628791327,""location_latitude"":null,""location_longitude"":null}",70,2026-05-13T00:57:06.211999Z,,2026-05-13T00:55:58.813833Z,361,,4240737,2026-05-12T21:31:45.000000Z,,,,,7541260,280362819,,https://cdn.gymrats.app/c4c48a49-25c8-4c69-ac14-d6ecd4b5a3af.jpg,1,,
629157976,v2,Remo + superiores + inferiores ,Row Bootcamp ,America/Indiana/Indianapolis,,"{""id"":119950846,""updated_at"":""2026-05-13T11:17:46"",""created_at"":""2026-05-13T11:17:46"",""workout_id"":629157976,""location_latitude"":""39.76550157212547"",""location_longitude"":""-86.15764755318207""}",30,2026-05-13T11:17:46.277677Z,,2026-05-13T11:17:46.277677Z,287,"2,87",1823000,2026-05-13T10:20:36.000000Z,,,,,1798219,280526555,,https://cdn.gymrats.app/e9bfd640-913b-48b5-884b-0993e3dbc9af.jpg,1,,
629162837,v2,,Boxing,-03:00,,"{""id"":119955707,""updated_at"":""2026-05-13T11:21:13"",""created_at"":""2026-05-13T11:21:13"",""workout_id"":629162837,""location_latitude"":null,""location_longitude"":null}",53,2026-05-13T11:21:39.082903Z,,2026-05-13T11:21:13.482255Z,372,,3223000,2026-05-13T10:22:15.826000Z,,,,,1987925,280528704,,https://cdn.gymrats.app/8d4c0b2d-c821-44a6-a815-981ce362cad0.jpg,1,,
629207229,v2,,🔥🥾,America/Fortaleza,,"{""id"":120000099,""updated_at"":""2026-05-15T00:32:53"",""created_at"":""2026-05-13T11:56:38"",""workout_id"":629207229,""location_latitude"":null,""location_longitude"":null}",77,2026-05-13T11:56:38.990242Z,,2026-05-13T11:56:38.990242Z,421,,4620000,2026-05-13T11:56:08.000000Z,,,,,7644605,280548405,,https://cdn.gymrats.app/0585823b-54c6-4593-a9f8-6d6426b6dced.jpg,1,,
629494101,v2,Te fode bocão.,Só por causa dessa merda,Africa/Cairo,,"{""id"":120286970,""updated_at"":""2026-05-13T22:17:18"",""created_at"":""2026-05-13T16:44:30"",""workout_id"":629494101,""location_latitude"":null,""location_longitude"":null}",31,2026-05-13T16:44:30.408211Z,,2026-05-13T16:44:30.408211Z,262,"2,46",1890613,2026-05-13T16:11:48.000000Z,,,,,5912814,280676821,,https://cdn.gymrats.app/e6a80f25-50be-41ac-a875-3d9d0868b6db.jpg,1,,
629565087,v2,,Pilates ,America/Sao_Paulo,,"{""id"":120357955,""updated_at"":""2026-05-13T18:16:28"",""created_at"":""2026-05-13T18:16:28"",""workout_id"":629565087,""location_latitude"":null,""location_longitude"":null}",50,2026-05-13T18:16:28.968449Z,,2026-05-13T18:16:28.968449Z,,,3000000,2026-05-13T15:15:00.000000Z,,,,,51123,280708754,,https://cdn.gymrats.app/f0cb8a50-94a0-419d-bcf9-31e79d7c7cfb.jpg,1,,
629966811,v2,Ainda corri dps mas nem marquei,Peito+tric,-04:00,416,"{""id"":120759670,""updated_at"":""2026-05-15T00:31:53"",""created_at"":""2026-05-13T22:45:20"",""workout_id"":629966811,""location_latitude"":null,""location_longitude"":null}",34,2026-05-13T22:45:20.225515Z,,2026-05-13T22:45:20.225515Z,228,2,2072000,2026-05-13T21:53:28.000000Z,,,,,1798391,280888603,,https://cdn.gymrats.app/c9307a09-9f10-4768-9ce1-ea26164d1d43.jpg,1,,
630057345,v2,,"Ta rojão, mas vamoo!! 🥹",America/Fortaleza,,"{""id"":120850197,""updated_at"":""2026-05-15T00:31:23"",""created_at"":""2026-05-13T23:21:45"",""workout_id"":630057345,""location_latitude"":null,""location_longitude"":null}",,2026-05-13T23:21:45.549734Z,,2026-05-13T23:21:45.549734Z,,,,2026-05-13T23:20:26.000000Z,,,,,3875036,280928808,,https://cdn.gymrats.app/214a599e-4430-43dc-989b-a4d91f003008.jpg,0,,
630081834,v2,,Esteira ,-03:00,3572,"{""id"":120874688,""updated_at"":""2026-05-15T00:31:37"",""created_at"":""2026-05-13T23:31:41"",""workout_id"":630081834,""location_latitude"":null,""location_longitude"":null}",35,2026-05-13T23:31:41.659738Z,,2026-05-13T23:31:41.659738Z,215,"2,7",2145000,2026-05-13T22:25:35.000000Z,,,,,2241048,280939652,,https://firebasestorage.googleapis.com/v0/b/gymrats-1549569453212.appspot.com/o/running.png?alt=media&token=a35a174b-d1ce-45fe-a759-c9c39d910762,1,,
630319539,v2,,Soltinhuuuu,America/Sao_Paulo,,"{""id"":121112379,""updated_at"":""2026-05-15T13:22:48"",""created_at"":""2026-05-14T01:25:36"",""workout_id"":630319539,""location_latitude"":null,""location_longitude"":null}",40,2026-05-14T01:25:36.706932Z,,2026-05-14T01:25:36.706932Z,442,,2400000,2026-05-14T01:24:54.000000Z,,,,,7538297,281045290,,https://cdn.gymrats.app/053cfe9b-280c-4d20-9f17-e559645d5054.jpg,1,,
630426013,v2,,Musculação Tradicional,America/Sao_Paulo,,"{""id"":121218851,""updated_at"":""2026-05-14T02:59:43"",""created_at"":""2026-05-14T02:59:43"",""workout_id"":630426013,""location_latitude"":null,""location_longitude"":null}",102,2026-05-14T02:59:43.401658Z,,2026-05-14T02:59:43.401658Z,486,,6159460,2026-05-13T20:54:57.000000Z,,,,,7541260,281092679,,https://firebasestorage.googleapis.com/v0/b/gymrats-1549569453212.appspot.com/o/fst.png?alt=media&token=55dd8146-cb7e-4729-a577-e4b8a315c91d,1,,
630499237,v2,,Todo dia tem isso,America/Sao_Paulo,,"{""id"":121292075,""updated_at"":""2026-05-15T00:30:41"",""created_at"":""2026-05-14T09:30:59"",""workout_id"":630499237,""location_latitude"":null,""location_longitude"":null}",,2026-05-14T09:30:59.216996Z,,2026-05-14T09:30:59.216996Z,,,,2026-05-14T09:29:52.049584Z,,,,,535190,281125486,,https://cdn.gymrats.app/94a09b97-dad9-406d-ae4b-143aee9d6f02.jpg,0,,
630511198,v2,,Tirinhos,-03:00,9564,"{""id"":121304035,""updated_at"":""2026-05-15T00:30:54"",""created_at"":""2026-05-14T09:43:38"",""workout_id"":630511198,""location_latitude"":null,""location_longitude"":null}",59,2026-05-14T10:00:31.894694Z,,2026-05-14T09:43:38.491224Z,756,"10,04",3574000,2026-05-14T08:39:01.000000Z,,,,,255289,281130855,,https://cdn.gymrats.app/4377889e-6e64-442c-a74a-0cf97331c7b6.jpg,1,,
630511633,v2,,Sem lago hj 🥲🥲,America/Sao_Paulo,,"{""id"":121304470,""updated_at"":""2026-05-15T00:30:07"",""created_at"":""2026-05-14T09:44:08"",""workout_id"":630511633,""location_latitude"":null,""location_longitude"":null}",,2026-05-14T09:44:08.000761Z,,2026-05-14T09:44:08.000761Z,,,,2026-05-14T09:43:57.000000Z,,,,,1586631,281131052,,https://cdn.gymrats.app/a6734885-cb1a-4dde-afdd-c4750e68ffc0.jpg,0,,
630638545,v2,"Remo + Superiores. 

1. Hoje é meu dia 2 treinando com a porcaria dessa gripe que o Guilherme me passou
2. Eu contei 35 minutos no remo, não sei pq esse carai contabilizou a menos ",Row Bootcamp,America/Indiana/Indianapolis,,"{""id"":121431381,""updated_at"":""2026-05-15T00:29:47"",""created_at"":""2026-05-14T11:18:17"",""workout_id"":630638545,""location_latitude"":""39.76552734613338"",""location_longitude"":""-86.15767113991107""}",30,2026-05-14T11:18:17.059232Z,,2026-05-14T11:18:17.059232Z,193,"2,34",1804000,2026-05-14T10:18:18.000000Z,,,,,1798219,281187295,,https://cdn.gymrats.app/1dc40ae8-b2e8-4dbc-bb3d-3464a625509b.jpg,1,,
630705590,v2,,Bracin ,-03:00,18,"{""id"":121498426,""updated_at"":""2026-05-15T00:29:02"",""created_at"":""2026-05-14T12:13:17"",""workout_id"":630705590,""location_latitude"":null,""location_longitude"":null}",62,2026-05-14T12:13:17.413728Z,,2026-05-14T12:13:17.413728Z,227,,3723000,2026-05-14T10:38:28.000000Z,,,,,2241048,281217069,,https://firebasestorage.googleapis.com/v0/b/gymrats-1549569453212.appspot.com/o/fst.png?alt=media&token=55dd8146-cb7e-4729-a577-e4b8a315c91d,1,,
631037377,v2,,Até domingo!,Africa/Cairo,,"{""id"":121830213,""updated_at"":""2026-05-15T00:28:09"",""created_at"":""2026-05-14T18:32:48"",""workout_id"":631037377,""location_latitude"":null,""location_longitude"":null}",55,2026-05-14T18:32:48.193622Z,,2026-05-14T18:32:48.193622Z,257,,3310205,2026-05-14T15:23:50.000000Z,,,,,5912814,281365766,,https://cdn.gymrats.app/3fc11711-f4df-4ec6-ba70-b224772c2158.jpg,1,,
631220394,v2,,Muscula ,America/Fortaleza,,"{""id"":122013230,""updated_at"":""2026-05-15T00:28:52"",""created_at"":""2026-05-14T21:15:39"",""workout_id"":631220394,""location_latitude"":null,""location_longitude"":null}",48,2026-05-14T21:15:39.063567Z,,2026-05-14T21:15:39.063567Z,,,2880000,2026-05-14T20:25:03.000000Z,,,,,401109,281448156,,https://cdn.gymrats.app/7e9ab2ac-4188-41ad-bd25-dd61e50cf28b.jpg,1,,
631471624,v2,,Surra de push press,America/Sao_Paulo,,"{""id"":122264458,""updated_at"":""2026-05-15T00:28:33"",""created_at"":""2026-05-14T23:11:54"",""workout_id"":631471624,""location_latitude"":null,""location_longitude"":null}",60,2026-05-14T23:11:54.738895Z,,2026-05-14T23:11:54.738895Z,,,3600000,2026-05-14T23:10:32.000000Z,,,,,7538297,281560054,,https://cdn.gymrats.app/2a0ea763-39a2-4beb-823c-72a867f2901d.jpg,1,,
631553247,v2,,🤓🤓💪🏼,America/Fortaleza,,"{""id"":122346078,""updated_at"":""2026-05-15T00:28:27"",""created_at"":""2026-05-14T23:47:23"",""workout_id"":631553247,""location_latitude"":null,""location_longitude"":null}",,2026-05-14T23:47:22.941275Z,,2026-05-14T23:47:22.941275Z,,,,2026-05-14T23:45:11.000000Z,,,,,3875036,281596331,,https://cdn.gymrats.app/9ed2d6b2-b4de-4343-b044-a402efa95098.jpg,0,,
631639837,v2,,Musculação Tradicional,America/Sao_Paulo,,"{""id"":122432657,""updated_at"":""2026-05-15T23:19:04"",""created_at"":""2026-05-15T00:26:45"",""workout_id"":631639837,""location_latitude"":null,""location_longitude"":null}",89,2026-05-15T00:27:22.560833Z,,2026-05-15T00:26:44.970966Z,644,,5361123,2026-05-14T21:22:46.000000Z,,,,,7541260,281634712,,https://cdn.gymrats.app/4ab32f30-1f6e-4e7a-ba71-3ef1160ab942.jpg,1,,
631803915,v2,,Bike +abs,-04:00,,"{""id"":122596731,""updated_at"":""2026-05-15T23:20:29"",""created_at"":""2026-05-15T02:18:55"",""workout_id"":631803915,""location_latitude"":null,""location_longitude"":null}",33,2026-05-15T02:18:55.689158Z,,2026-05-15T02:18:55.689158Z,235,,2017000,2026-05-15T01:41:01.000000Z,,,,,1798391,281707694,,https://cdn.gymrats.app/6dd0de0d-b7ac-4fdf-9511-934a096144e1.jpg,1,,
631894390,v2,,Parece a lagoa da Parangaba,America/Sao_Paulo,,"{""id"":122687200,""updated_at"":""2026-05-15T23:20:17"",""created_at"":""2026-05-15T09:17:14"",""workout_id"":631894390,""location_latitude"":null,""location_longitude"":null}",,2026-05-15T09:17:14.726185Z,,2026-05-15T09:17:14.726185Z,,,,2026-05-15T09:16:33.548200Z,,,,,535190,281748388,,https://cdn.gymrats.app/2ee696d8-50d2-43d6-b645-5a051ebf22e2.jpg,0,,
632044609,v2,,30min ✅,America/Fortaleza,,"{""id"":122837422,""updated_at"":""2026-05-15T23:20:02"",""created_at"":""2026-05-15T11:27:38"",""workout_id"":632044609,""location_latitude"":null,""location_longitude"":null}",,2026-05-15T11:27:38.526673Z,,2026-05-15T11:27:38.526673Z,,,,2026-05-15T11:27:09.000000Z,,,,,401109,281815270,,https://cdn.gymrats.app/ae416416-3823-4ac4-a3ea-491f304c9c3e.jpg,1,,
632049787,v2,,Cuida time!,America/Fortaleza,,"{""id"":122842597,""updated_at"":""2026-05-15T23:19:37"",""created_at"":""2026-05-15T11:31:49"",""workout_id"":632049787,""location_latitude"":""-3.741920599945168"",""location_longitude"":""-38.48726036321694""}",82,2026-05-15T11:31:49.864821Z,,2026-05-15T11:31:49.864821Z,483,,4920000,2026-05-15T11:30:11.000000Z,,,,,7644605,281817564,,https://cdn.gymrats.app/f4ada8cc-576c-4abf-aaec-1ffbe594ed8b.jpg,1,,
632105539,v2,Inferiores + abs,Musculação,America/Indiana/Indianapolis,,"{""id"":122898349,""updated_at"":""2026-05-15T23:19:22"",""created_at"":""2026-05-15T12:21:44"",""workout_id"":632105539,""location_latitude"":null,""location_longitude"":null}",40,2026-05-15T12:21:44.760816Z,,2026-05-15T12:21:44.760816Z,271,,2410000,2026-05-15T11:33:40.000000Z,,,,,1798219,281842322,,https://cdn.gymrats.app/ae8e7647-1846-4877-9034-c85e02e4b439.jpg,1,,
632785831,v2,,hidratem-se!!,America/Sao_Paulo,,"{""id"":123578632,""updated_at"":""2026-05-16T00:06:43"",""created_at"":""2026-05-15T23:16:48"",""workout_id"":632785831,""location_latitude"":null,""location_longitude"":null}",83,2026-05-15T23:18:00.437926Z,,2026-05-15T23:16:48.719484Z,414,,5027195,2026-05-15T21:16:34.000000Z,,,,,7541260,282145687,,https://cdn.gymrats.app/be8a0818-1981-4862-9bec-09b6f3b918c6.jpg,1,,
632802116,v2,,Full body + isometria,-04:00,312,"{""id"":123594921,""updated_at"":""2026-05-16T03:28:50"",""created_at"":""2026-05-15T23:26:40"",""workout_id"":632802116,""location_latitude"":null,""location_longitude"":null}",31,2026-05-15T23:26:39.900421Z,,2026-05-15T23:26:39.900421Z,157,,1876000,2026-05-15T21:26:13.000000Z,,,,,1798391,282152935,,https://cdn.gymrats.app/b32f63ad-0b67-43f7-92c9-8d55439a39b7.jpg,1,,
632825833,v2,,✅✅,America/Fortaleza,,"{""id"":123618631,""updated_at"":""2026-05-16T00:18:08"",""created_at"":""2026-05-15T23:41:37"",""workout_id"":632825833,""location_latitude"":null,""location_longitude"":null}",,2026-05-15T23:41:37.117547Z,,2026-05-15T23:41:37.117547Z,,,,2026-05-15T23:41:19.000000Z,,,,,3875036,282163482,,https://cdn.gymrats.app/2f6ef196-eab9-4332-a1be-b90ddb302409.jpg,0,,
632935001,v2,,Toes to bar significa pé na barra,America/Sao_Paulo,,"{""id"":123727799,""updated_at"":""2026-05-16T14:18:09"",""created_at"":""2026-05-16T01:01:29"",""workout_id"":632935001,""location_latitude"":null,""location_longitude"":null}",60,2026-05-16T01:01:29.411701Z,,2026-05-16T01:01:29.411701Z,,,3600000,2026-05-16T01:00:40.000000Z,,,,,7538297,282212076,,https://cdn.gymrats.app/b8fed12a-3d3e-437d-ac2b-b864a35919ef.jpg,1,,
633067926,v2,,14 pra soltar- sao as aguas de malho fechando o verao,-03:00,12736,"{""id"":123860717,""updated_at"":""2026-05-16T13:59:15"",""created_at"":""2026-05-16T09:57:38"",""workout_id"":633067926,""location_latitude"":null,""location_longitude"":null}",74,2026-05-16T09:59:21.327717Z,,2026-05-16T09:57:38.422832Z,1068,14,4446000,2026-05-16T08:40:56.000000Z,,,,,255289,282271638,,https://cdn.gymrats.app/afc30a4c-adc3-4236-ad92-84385c1a509e.jpg,1,,
633099675,v2,Tentando superar o término do Vini com a Virginia,Bike,-04:00,,"{""id"":123892466,""updated_at"":""2026-05-16T14:19:56"",""created_at"":""2026-05-16T11:06:43"",""workout_id"":633099675,""location_latitude"":null,""location_longitude"":null}",31,2026-05-16T11:06:43.271299Z,,2026-05-16T11:06:43.271299Z,174,9,1902000,2026-05-16T10:27:34.000000Z,,,,,1798391,282285846,,https://cdn.gymrats.app/66a667a8-3308-431c-bc38-df89dc734597.jpg,1,,
633121092,v2,,Abs e panturrilha 😅,America/Fortaleza,,"{""id"":123913883,""updated_at"":""2026-05-16T13:54:57"",""created_at"":""2026-05-16T11:36:29"",""workout_id"":633121092,""location_latitude"":null,""location_longitude"":null}",,2026-05-16T11:36:29.196675Z,,2026-05-16T11:36:29.196675Z,,,,2026-05-16T11:35:30.000000Z,,,,,3875036,282295466,,https://cdn.gymrats.app/57538ed4-435d-4dbd-993d-c4783568418f.jpg,0,,
633141126,v2,,Weight machine,-03:00,,"{""id"":123933917,""updated_at"":""2026-05-16T14:20:11"",""created_at"":""2026-05-16T12:00:02"",""workout_id"":633141126,""location_latitude"":null,""location_longitude"":null}",66,2026-05-16T12:00:32.514014Z,,2026-05-16T12:00:02.611540Z,424,,3965000,2026-05-16T10:52:27.362000Z,,,,,1987925,282304435,,https://cdn.gymrats.app/d5dcd595-e88c-4974-a132-06f99fc07f25.jpg,1,,
633148643,v2,,Feito! ,America/Fortaleza,,"{""id"":123941434,""updated_at"":""2026-05-16T14:21:59"",""created_at"":""2026-05-16T12:07:05"",""workout_id"":633148643,""location_latitude"":null,""location_longitude"":null}",46,2026-05-16T12:07:05.644702Z,,2026-05-16T12:07:05.644702Z,,,2760000,2026-05-16T12:06:43.000000Z,,,,,401109,282307771,,https://cdn.gymrats.app/00692b77-0d1c-4c08-8029-62b8d0943a95.jpg,1,,
633155329,v2,,"Dobradinha pro gym ratos (nao vai contar nao, besta)",-03:00,,"{""id"":123948119,""updated_at"":""2026-05-16T14:00:13"",""created_at"":""2026-05-16T12:13:19"",""workout_id"":633155329,""location_latitude"":null,""location_longitude"":null}",62,2026-05-16T12:15:11.523980Z,,2026-05-16T12:13:19.309565Z,446,,3759000,2026-05-16T10:52:20.000000Z,,,,,255289,282310765,,https://cdn.gymrats.app/257fa55f-0649-4d41-9f22-2c380a40f494.jpg,1,,
633210327,v2,Circuito de força full body com HIIT no meio ,Sabaduuuu,America/Indiana/Indianapolis,,"{""id"":124003118,""updated_at"":""2026-05-16T14:21:06"",""created_at"":""2026-05-16T12:59:34"",""workout_id"":633210327,""location_latitude"":null,""location_longitude"":null}",42,2026-05-16T12:59:34.359640Z,,2026-05-16T12:59:34.359640Z,281,,2550000,2026-05-16T12:06:06.000000Z,,,,,1798219,282335106,,https://cdn.gymrats.app/55be118a-7310-475b-963f-8e6875eabe60.jpg,1,,
633281101,v2,,Antes tarde que nuncaaaa ,America/Fortaleza,,"{""id"":124073892,""updated_at"":""2026-05-16T15:26:19"",""created_at"":""2026-05-16T13:49:36"",""workout_id"":633281101,""location_latitude"":null,""location_longitude"":null}",60,2026-05-16T13:49:36.106552Z,,2026-05-16T13:49:36.106552Z,,,3600000,2026-05-16T13:49:00.000000Z,,,,,7581547,282366325,,https://cdn.gymrats.app/f4ab3c28-e444-4b3a-8c99-1c15478e366a.jpg,1,,
633325711,v2,,Asterix e Obelix ,America/Sao_Paulo,,"{""id"":124118502,""updated_at"":""2026-05-16T15:33:50"",""created_at"":""2026-05-16T14:16:53"",""workout_id"":633325711,""location_latitude"":null,""location_longitude"":null}",,2026-05-16T14:16:53.564113Z,,2026-05-16T14:16:53.564113Z,,,,2026-05-16T14:16:41.606032Z,,,,,535190,282385811,,https://cdn.gymrats.app/b0765783-5884-429c-a15b-de92ee4b1ebb.jpg,0,,
633412648,v2,,🫶🏻,America/Sao_Paulo,,"{""id"":124205438,""updated_at"":""2026-05-16T15:34:22"",""created_at"":""2026-05-16T15:09:19"",""workout_id"":633412648,""location_latitude"":null,""location_longitude"":null}",,2026-05-16T15:09:19.173655Z,,2026-05-16T15:09:19.173655Z,,,,2026-05-16T15:08:56.000000Z,,,,,1586631,282423773,,https://cdn.gymrats.app/d666f5c6-9021-4256-ade9-74a4e8350c0f.jpg,0,,
633442709,v2,,"Podia ser vcs, mas ninguem colabora",America/Sao_Paulo,,"{""id"":124235499,""updated_at"":""2026-05-16T15:35:15"",""created_at"":""2026-05-16T15:28:24"",""workout_id"":633442709,""location_latitude"":null,""location_longitude"":null}",60,2026-05-16T15:28:24.011902Z,,2026-05-16T15:28:24.011902Z,,,3600000,2026-05-16T15:27:48.000000Z,,,,,7538297,282436923,,https://cdn.gymrats.app/c660f075-b243-4c96-b5b7-d27ea231d365.jpg,1,,
633526007,v2,,Perninha ,America/Sao_Paulo,,"{""id"":124318797,""updated_at"":""2026-05-16T16:30:11"",""created_at"":""2026-05-16T16:30:11"",""workout_id"":633526007,""location_latitude"":null,""location_longitude"":null}",,2026-05-16T16:30:11.977836Z,,2026-05-16T16:30:11.977836Z,230,,,2026-05-16T16:29:56.000000Z,,,,,2241048,282473375,,https://cdn.gymrats.app/b4f30c1c-d719-4f0b-a3e7-7282922ba9ec.jpg,1,,
633687600,v2,😬,Fui doutrinado,America/Fortaleza,,"{""id"":124480389,""updated_at"":""2026-05-16T22:13:14"",""created_at"":""2026-05-16T19:31:26"",""workout_id"":633687600,""location_latitude"":null,""location_longitude"":null}",59,2026-05-16T19:31:26.931349Z,,2026-05-16T19:31:26.931349Z,527,,3553000,2026-05-16T19:30:25.000000Z,,,,,7644605,282544523,,https://cdn.gymrats.app/09d94426-6d7e-45d1-a8cb-41e883b48525.jpg,1,,
633766422,v2,,Caminhada a la marquinhos 😂,-03:00,,"{""id"":124559210,""updated_at"":""2026-05-16T21:01:18"",""created_at"":""2026-05-16T21:01:18"",""workout_id"":633766422,""location_latitude"":null,""location_longitude"":null}",22,2026-05-16T21:03:10.747997Z,,2026-05-16T21:01:18.317285Z,118,"1,07",1350000,2026-05-16T20:32:23.779000Z,,,,,1987925,282579546,,https://cdn.gymrats.app/482a8505-1c92-4b20-8a1b-cefa9237c848.jpg,1,,
633876325,v2,,O minimo 🏃‍♂️‍➡️,America/Sao_Paulo,,"{""id"":124669113,""updated_at"":""2026-05-16T23:32:46"",""created_at"":""2026-05-16T23:32:46"",""workout_id"":633876325,""location_latitude"":null,""location_longitude"":null}",38,2026-05-16T23:34:30.259947Z,,2026-05-16T23:32:46.866058Z,267,"3,55",2323087,2026-05-16T22:11:51.000000Z,,,,,7541260,282628470,,https://cdn.gymrats.app/6443b7b7-7dba-4c8b-83cd-2dceb3fc5445.jpg,1,,
633989696,v2,,Ratos de ginástica,-03:00,5758,"{""id"":124782479,""updated_at"":""2026-05-17T17:21:45"",""created_at"":""2026-05-17T09:46:49"",""workout_id"":633989696,""location_latitude"":null,""location_longitude"":null}",34,2026-05-17T10:06:13.205606Z,,2026-05-17T09:46:49.018307Z,406,"5,12",2054000,2026-05-17T08:48:52.000000Z,,,,,255289,282679711,,https://cdn.gymrats.app/7e58cdfd-e963-40b8-9b55-da7d61370705.jpg,1,,
633992318,v2,,Walking,-03:00,,"{""id"":124785101,""updated_at"":""2026-05-17T17:21:17"",""created_at"":""2026-05-17T10:00:51"",""workout_id"":633992318,""location_latitude"":null,""location_longitude"":null}",31,2026-05-17T10:07:53.977965Z,,2026-05-17T10:00:51.766252Z,149,"2,13",1895000,2026-05-17T08:46:20.041000Z,,,,,1987925,282680884,,https://cdn.gymrats.app/c1c348af-65fd-4624-ba59-1cc47bbdc863.jpg,1,,
633992482,v2,,Caminhadinha ,-03:00,3228,"{""id"":124785265,""updated_at"":""2026-05-17T17:21:27"",""created_at"":""2026-05-17T10:01:40"",""workout_id"":633992482,""location_latitude"":null,""location_longitude"":null}",31,2026-05-17T10:06:38.194980Z,,2026-05-17T10:01:40.742645Z,129,,1892000,2026-05-17T08:48:12.000000Z,,,,,401109,282680955,,https://cdn.gymrats.app/3d9b8c01-7885-4047-b435-55a3695cf23d.jpg,1,,
633992952,v2,🔥🥾,Quem quer faz!,-03:00,5718,"{""id"":124785735,""updated_at"":""2026-05-17T17:22:19"",""created_at"":""2026-05-17T10:03:41"",""workout_id"":633992952,""location_latitude"":null,""location_longitude"":null}",33,2026-05-17T10:06:13.701588Z,,2026-05-17T10:03:41.554879Z,394,"5,2",2029000,2026-05-17T08:49:16.000000Z,,,,,7644605,282681165,,https://cdn.gymrats.app/56b5d2d5-2d2e-4d67-9207-6b759a38256a.jpg,1,,
634402295,v2,,Só o pó,Etc/GMT+4,,"{""id"":125195076,""updated_at"":""2026-05-17T22:11:21"",""created_at"":""2026-05-17T18:32:40"",""workout_id"":634402295,""location_latitude"":null,""location_longitude"":null}",60,2026-05-17T18:32:40.310347Z,,2026-05-17T18:32:40.310347Z,546,"24,65",3600000,2026-05-17T17:28:37.000000Z,,,,,1798219,282861606,,https://cdn.gymrats.app/4e3c2f92-5c2d-474e-9444-e19cc7c51736.jpg,1,,
634504054,v2,,Tênis,-03:00,4174,"{""id"":125296834,""updated_at"":""2026-05-17T22:13:10"",""created_at"":""2026-05-17T21:30:05"",""workout_id"":634504054,""location_latitude"":null,""location_longitude"":null}",67,2026-05-17T21:30:05.376925Z,,2026-05-17T21:30:05.376925Z,686,"0,49",4071000,2026-05-17T20:10:21.000000Z,,,,,7644605,282906858,,https://firebasestorage.googleapis.com/v0/b/gymrats-1549569453212.appspot.com/o/cooldown.png?alt=media&token=712c7642-1fa3-4da9-9adc-530b2718393a,1,,
634533930,v2,,domingo 💪,America/Sao_Paulo,,"{""id"":125326710,""updated_at"":""2026-05-18T02:15:32"",""created_at"":""2026-05-17T22:11:05"",""workout_id"":634533930,""location_latitude"":null,""location_longitude"":null}",50,2026-05-17T22:12:34.407570Z,,2026-05-17T22:11:05.069910Z,225,,3014832,2026-05-17T21:09:25.000000Z,,,,,7541260,282920042,,https://cdn.gymrats.app/609e3dbd-51e6-4ddf-93bd-98775b141256.jpg,1,,
634577127,v2,,Weight machine,-03:00,,"{""id"":125369907,""updated_at"":""2026-05-17T23:16:04"",""created_at"":""2026-05-17T23:16:04"",""workout_id"":634577127,""location_latitude"":null,""location_longitude"":null}",66,2026-05-17T23:16:39.003700Z,,2026-05-17T23:16:04.009585Z,409,,4003000,2026-05-17T20:01:28.712000Z,,,,,1987925,282939116,,https://cdn.gymrats.app/296b43da-9643-432b-be9c-5d49fe2ddb77.jpg,1,,
634637541,v2,Pra fechar o fds e tirar o alcool,Bike,-04:00,,"{""id"":125430319,""updated_at"":""2026-05-18T02:16:00"",""created_at"":""2026-05-18T01:03:55"",""workout_id"":634637541,""location_latitude"":null,""location_longitude"":null}",45,2026-05-18T01:03:55.680230Z,,2026-05-18T01:03:55.680230Z,331,16,2705000,2026-05-18T00:16:03.000000Z,,,,,1798391,282966136,,https://cdn.gymrats.app/31c615cb-9ef9-4e62-834a-3b2b747787ff.jpg,1,,
634722253,v2,,Hoje ta demais,America/Sao_Paulo,,"{""id"":125515031,""updated_at"":""2026-05-19T01:30:58"",""created_at"":""2026-05-18T09:05:52"",""workout_id"":634722253,""location_latitude"":null,""location_longitude"":null}",,2026-05-18T09:05:52.473470Z,,2026-05-18T09:05:52.473470Z,,,,2026-05-18T09:05:39.376459Z,,,,,535190,283004228,,https://cdn.gymrats.app/6726c398-c18c-4c80-995f-1f1ee6bd6caa.jpg,0,,
634782473,v2,Adeus,Epicondilite atacou.,America/Fortaleza,,"{""id"":125575251,""updated_at"":""2026-05-19T01:31:15"",""created_at"":""2026-05-18T10:06:05"",""workout_id"":634782473,""location_latitude"":null,""location_longitude"":null}",51,2026-05-18T10:06:05.939196Z,,2026-05-18T10:06:05.939196Z,309,,3061776,2026-05-18T09:12:31.000000Z,,,,,5912814,283031035,,https://cdn.gymrats.app/31996023-6d4c-4558-a222-40cbd84207ee.jpg,1,,
634784313,v2,,🤓💪🏼,America/Fortaleza,,"{""id"":125577091,""updated_at"":""2026-05-19T01:31:39"",""created_at"":""2026-05-18T10:07:21"",""workout_id"":634784313,""location_latitude"":null,""location_longitude"":null}",,2026-05-18T10:07:21.284579Z,,2026-05-18T10:07:21.284579Z,,,,2026-05-18T10:06:54.000000Z,,,,,3875036,283031860,,https://cdn.gymrats.app/a261a340-2602-48e7-b049-db69de73a893.jpg,0,,
634966077,v2,,Costa+bic,-04:00,306,"{""id"":125758852,""updated_at"":""2026-05-19T01:51:46"",""created_at"":""2026-05-18T12:43:46"",""workout_id"":634966077,""location_latitude"":null,""location_longitude"":null}",44,2026-05-18T12:43:46.398701Z,,2026-05-18T12:43:46.398701Z,177,,2656000,2026-05-18T11:31:35.000000Z,,,,,1798391,283112581,,https://cdn.gymrats.app/1be04277-46c9-4bd7-83eb-1931d2bd5329.jpg,1,,
634968077,v2,,Peito/triceps ,America/Indiana/Indianapolis,,"{""id"":125760852,""updated_at"":""2026-05-19T01:31:57"",""created_at"":""2026-05-18T12:46:05"",""workout_id"":634968077,""location_latitude"":""39.15474013614761"",""location_longitude"":""-86.49301882646832""}",46,2026-05-18T12:46:05.238633Z,,2026-05-18T12:46:05.238633Z,136,,2786642,2026-05-18T11:30:55.000000Z,,,,,1798219,283113468,,https://cdn.gymrats.app/7b219b78-d98e-4d85-a8d7-750c9079d121.jpg,1,,
635724737,v2,,Cardio + bracim,America/Sao_Paulo,,"{""id"":126517505,""updated_at"":""2026-05-19T01:32:21"",""created_at"":""2026-05-18T23:07:01"",""workout_id"":635724737,""location_latitude"":null,""location_longitude"":null}",,2026-05-18T23:07:01.433069Z,,2026-05-18T23:07:01.433069Z,256,,,2026-05-18T23:06:41.000000Z,,,,,2241048,283452092,,https://cdn.gymrats.app/c28ffbd3-a081-4d2e-89f6-6881df6742de.jpg,1,,
636031150,v2,,Quase esqueço mas teve,America/Sao_Paulo,,"{""id"":126823914,""updated_at"":""2026-05-19T01:51:32"",""created_at"":""2026-05-19T01:06:16"",""workout_id"":636031150,""location_latitude"":null,""location_longitude"":null}",60,2026-05-19T01:06:16.210076Z,,2026-05-19T01:06:16.210076Z,,,3600000,2026-05-19T01:05:48.000000Z,,,,,7538297,283587963,,https://cdn.gymrats.app/bf2054ae-b88a-43d4-a9cf-406a6f53ad01.jpg,1,,
636070842,v2,,Neyday 🇧🇷,America/Sao_Paulo,,"{""id"":126863606,""updated_at"":""2026-05-19T13:10:19"",""created_at"":""2026-05-19T01:29:14"",""workout_id"":636070842,""location_latitude"":null,""location_longitude"":null}",111,2026-05-19T01:30:17.695228Z,,2026-05-19T01:29:14.606851Z,568,,6713984,2026-05-18T20:16:19.000000Z,,,,,7541260,283605572,,https://cdn.gymrats.app/3fd2990c-ea18-485c-8a62-a0c9a6640c91.jpg,1,,
636226153,v2,,Esteiraway to heaven,-03:00,5926,"{""id"":127018916,""updated_at"":""2026-05-19T13:19:01"",""created_at"":""2026-05-19T09:17:28"",""workout_id"":636226153,""location_latitude"":null,""location_longitude"":null}",34,2026-05-19T09:17:55.144332Z,,2026-05-19T09:17:28.249529Z,481,6,2080000,2026-05-19T08:41:35.000000Z,,,,,255289,283675150,,https://cdn.gymrats.app/1c527fcb-35b6-465a-a703-b841c72f57d6.jpg,1,,
636276403,v2,,+ lil gym,-03:00,,"{""id"":127069164,""updated_at"":""2026-05-19T13:18:47"",""created_at"":""2026-05-19T10:00:04"",""workout_id"":636276403,""location_latitude"":null,""location_longitude"":null}",38,2026-05-19T10:01:22.501293Z,,2026-05-19T10:00:04.649061Z,289,,2307000,2026-05-19T09:20:54.000000Z,,,,,255289,283697537,,https://cdn.gymrats.app/10c2848b-2408-4187-b5e2-6ca750266b96.jpg,1,,
636466468,v2,,Boxing,-03:00,,"{""id"":127259227,""updated_at"":""2026-05-19T13:30:10"",""created_at"":""2026-05-19T12:12:41"",""workout_id"":636466468,""location_latitude"":null,""location_longitude"":null}",60,2026-05-19T12:12:41.553861Z,,2026-05-19T12:12:41.553861Z,396,,3605000,2026-05-19T10:27:51.550000Z,,,,,1987925,283781634,,https://firebasestorage.googleapis.com/v0/b/gymrats-1549569453212.appspot.com/o/core.png?alt=media&token=0c036ad3-0705-4138-8860-628041c6d116,1,,
636513870,v2,,"Mais um dia, morta novamente ",Etc/GMT+4,,"{""id"":127306629,""updated_at"":""2026-05-19T13:19:58"",""created_at"":""2026-05-19T12:59:06"",""workout_id"":636513870,""location_latitude"":null,""location_longitude"":null}",45,2026-05-19T12:59:06.115456Z,,2026-05-19T12:59:06.115456Z,321,"8,86",2719000,2026-05-19T12:10:08.000000Z,,,,,1798219,283802831,,https://cdn.gymrats.app/030ea175-f854-44a6-acee-6133a1a77d72.jpg,1,,
636574048,v2,,Esqueci de postar,-03:00,6,"{""id"":127366806,""updated_at"":""2026-05-19T14:04:24"",""created_at"":""2026-05-19T14:04:24"",""workout_id"":636574048,""location_latitude"":null,""location_longitude"":null}",52,2026-05-19T14:04:24.207241Z,,2026-05-19T14:04:24.207241Z,185,,3139000,2026-05-19T10:36:30.000000Z,,,,,2241048,283829810,,https://firebasestorage.googleapis.com/v0/b/gymrats-1549569453212.appspot.com/o/fst.png?alt=media&token=55dd8146-cb7e-4729-a577-e4b8a315c91d,1,,
637044102,v2,Cardio raíz ,Bike +abs,-04:00,822,"{""id"":127836855,""updated_at"":""2026-05-19T21:33:00"",""created_at"":""2026-05-19T21:32:24"",""workout_id"":637044102,""location_latitude"":null,""location_longitude"":null}",41,2026-05-19T21:32:24.556530Z,,2026-05-19T21:32:24.556530Z,406,12,2476000,2026-05-19T20:44:53.000000Z,,,,,1798391,284040708,,https://cdn.gymrats.app/5e9e78e3-5083-47c6-aaab-0983ae0e99dd.jpg,1,,
637831379,v2,,Superior + abs ✨,America/Fortaleza,,"{""id"":128624126,""updated_at"":""2026-05-20T10:14:47"",""created_at"":""2026-05-20T10:14:47"",""workout_id"":637831379,""location_latitude"":null,""location_longitude"":null}",,2026-05-20T10:14:47.205354Z,,2026-05-20T10:14:47.205354Z,,,,2026-05-20T10:14:02.000000Z,,,,,3875036,284390970,,https://cdn.gymrats.app/25b77cf1-8eca-4bca-84d6-2cac8d2b7f01.jpg,0,,
637837252,v2,"Eu não bebo, eu não fumo, eu não tomo cachaça. Mas ela não me quer porque não sou elegante. Ai que ela se engana, eu sou da mercante!",Eu quero namorar essa morena que passa!,America/Fortaleza,,"{""id"":128629999,""updated_at"":""2026-05-20T10:19:30"",""created_at"":""2026-05-20T10:19:30"",""workout_id"":637837252,""location_latitude"":null,""location_longitude"":null}",57,2026-05-20T10:19:30.429188Z,,2026-05-20T10:19:30.429188Z,320,,3428332,2026-05-20T09:12:50.000000Z,,,,,5912814,284393573,,https://cdn.gymrats.app/d1a69afa-4130-4e18-a5fc-38ded03a3fff.jpg,1,,
637992163,v2,Sempre incrível treinar perna com o pé coisado ,Dia de inferioressss ,America/Indiana/Indianapolis,,"{""id"":128784908,""updated_at"":""2026-05-20T12:22:27"",""created_at"":""2026-05-20T12:22:27"",""workout_id"":637992163,""location_latitude"":null,""location_longitude"":null}",47,2026-05-20T12:24:00.156943Z,,2026-05-20T12:22:27.174610Z,220,,2836000,2026-05-20T11:30:08.000000Z,,,,,1798219,284462346,,https://cdn.gymrats.app/2671075b-9587-4451-a0ea-b00fae3146fa.jpg,1,,
637997750,v2,Selfie on demand,Legday,-04:00,220,"{""id"":128790495,""updated_at"":""2026-05-20T13:27:16"",""created_at"":""2026-05-20T12:27:57"",""workout_id"":637997750,""location_latitude"":null,""location_longitude"":null}",33,2026-05-20T12:27:57.481148Z,,2026-05-20T12:27:57.481148Z,108,,1997000,2026-05-20T11:39:43.000000Z,,,,,1798391,284464834,,https://cdn.gymrats.app/305c77f6-d740-445b-bc2b-699993bb4a40.jpg,1,,
638881871,v2,e a certeza de que amanhã tu não pontuarás,Corrida em esteira,-03:00,9696,"{""id"":129674609,""updated_at"":""2026-05-20T23:56:09"",""created_at"":""2026-05-20T23:56:09"",""workout_id"":638881871,""location_latitude"":null,""location_longitude"":null}",57,2026-05-20T23:57:47.069576Z,,2026-05-20T23:56:09.399664Z,777,"10,4",3441000,2026-05-20T22:57:08.000000Z,,,,,255289,284860031,,https://cdn.gymrats.app/1547a13f-0e27-4cab-a5d2-b2cd4198e6bf.jpg,1,,
638888753,v2,,Musculação Tradicional,America/Sao_Paulo,,"{""id"":129681491,""updated_at"":""2026-05-20T23:59:01"",""created_at"":""2026-05-20T23:59:01"",""workout_id"":638888753,""location_latitude"":null,""location_longitude"":null}",92,2026-05-21T00:52:25.008659Z,,2026-05-20T23:59:01.975138Z,514,,5550989,2026-05-20T21:10:56.000000Z,,,,,7541260,284863050,,https://cdn.gymrats.app/1398fed3-c98e-42ee-a00b-756251340ffe.jpg,1,,
639274955,v2,,Posterior 🫰🏼,America/Fortaleza,,"{""id"":130067691,""updated_at"":""2026-05-21T10:09:36"",""created_at"":""2026-05-21T10:09:36"",""workout_id"":639274955,""location_latitude"":null,""location_longitude"":null}",,2026-05-21T10:09:36.175164Z,,2026-05-21T10:09:36.175164Z,,,,2026-05-21T10:09:14.000000Z,,,,,3875036,285034903,,https://cdn.gymrats.app/03b0a1af-13c6-4b72-99d3-1447c842771b.jpg,0,,
639275688,v2,,Traditional Strength Training,America/Fortaleza,,"{""id"":130068424,""updated_at"":""2026-05-21T10:10:05"",""created_at"":""2026-05-21T10:10:05"",""workout_id"":639275688,""location_latitude"":null,""location_longitude"":null}",55,2026-05-21T10:10:05.576494Z,,2026-05-21T10:10:05.576494Z,300,,3304373,2026-05-21T09:13:49.000000Z,,,,,5912814,285035221,,https://firebasestorage.googleapis.com/v0/b/gymrats-1549569453212.appspot.com/o/fst.png?alt=media&token=55dd8146-cb7e-4729-a577-e4b8a315c91d,1,,
639615081,v2,,Superiores - costa/biceps ,America/Indiana/Indianapolis,,"{""id"":130407815,""updated_at"":""2026-05-21T15:45:49"",""created_at"":""2026-05-21T15:45:49"",""workout_id"":639615081,""location_latitude"":null,""location_longitude"":null}",57,2026-05-21T15:45:49.625996Z,,2026-05-21T15:45:49.625996Z,188,,3442966,2026-05-21T14:44:25.000000Z,,,,,1798219,285186573,,https://cdn.gymrats.app/c7d93e21-7456-4563-8a2a-9c51086acf62.jpg,1,,
639772098,v2,,Força ,-03:00,8,"{""id"":130564832,""updated_at"":""2026-05-21T19:06:24"",""created_at"":""2026-05-21T19:06:24"",""workout_id"":639772098,""location_latitude"":null,""location_longitude"":null}",63,2026-05-21T19:06:24.044489Z,,2026-05-21T19:06:24.044489Z,260,,3784000,2026-05-21T10:39:13.000000Z,,,,,2241048,285256911,,https://firebasestorage.googleapis.com/v0/b/gymrats-1549569453212.appspot.com/o/fst.png?alt=media&token=55dd8146-cb7e-4729-a577-e4b8a315c91d,1,,
639923632,v2,,Cardiovascular,-03:00,148,"{""id"":130716363,""updated_at"":""2026-05-21T21:16:48"",""created_at"":""2026-05-21T21:16:48"",""workout_id"":639923632,""location_latitude"":null,""location_longitude"":null}",48,2026-05-21T21:16:48.300799Z,,2026-05-21T21:16:48.300799Z,146,,2893000,2026-05-21T20:27:41.000000Z,,,,,401109,285324835,,https://firebasestorage.googleapis.com/v0/b/gymrats-1549569453212.appspot.com/o/dancing.png?alt=media&token=a1a52b15-9380-4c96-bdb4-b11f9e52680f,1,,
639965403,v2,,Fim das Férias ,America/Fortaleza,,"{""id"":130758134,""updated_at"":""2026-05-23T12:11:01"",""created_at"":""2026-05-21T21:41:14"",""workout_id"":639965403,""location_latitude"":null,""location_longitude"":null}",68,2026-05-21T21:41:14.252652Z,,2026-05-21T21:41:14.252652Z,385,,4080000,2026-05-21T21:40:39.000000Z,,,,,7644605,285343521,,https://cdn.gymrats.app/0212f116-905f-463c-a553-03c7ad470319.jpg,1,,
640275182,v2,,Quaisqueço peito +tric,-04:00,334,"{""id"":131067910,""updated_at"":""2026-05-22T00:37:20"",""created_at"":""2026-05-22T00:01:04"",""workout_id"":640275182,""location_latitude"":null,""location_longitude"":null}",37,2026-05-22T02:55:58.322405Z,,2026-05-22T00:01:04.641793Z,201,,2234000,2026-05-21T21:03:25.000000Z,,,,,1798391,285481266,,https://cdn.gymrats.app/19edf5f0-1628-44e6-ac1e-0bc3d54d769c.jpg,1,,
640516203,v2,,smartship hoje tava lotada,America/Sao_Paulo,,"{""id"":131308929,""updated_at"":""2026-05-22T12:56:30"",""created_at"":""2026-05-22T02:55:03"",""workout_id"":640516203,""location_latitude"":null,""location_longitude"":null}",62,2026-05-22T02:56:29.686301Z,,2026-05-22T02:55:03.385577Z,481,,3751867,2026-05-21T21:45:34.000000Z,,,,,7541260,285588318,,https://cdn.gymrats.app/4e73be70-a84f-4554-b111-8617d273af1e.jpg,1,,
640800097,v2,,Finalmente a sexta do proletário ,America/Indiana/Indianapolis,,"{""id"":131592821,""updated_at"":""2026-05-23T12:11:12"",""created_at"":""2026-05-22T12:55:32"",""workout_id"":640800097,""location_latitude"":null,""location_longitude"":null}",50,2026-05-22T12:55:32.943044Z,,2026-05-22T12:55:32.943044Z,147,,3026073,2026-05-22T12:01:55.000000Z,,,,,1798219,285714866,,https://cdn.gymrats.app/6a5eb71b-d0db-4173-a4ce-31c87e2b26d6.jpg,1,,
641361703,v2,,Cardiovascular,-03:00,1570,"{""id"":132154418,""updated_at"":""2026-05-23T12:11:24"",""created_at"":""2026-05-22T22:27:35"",""workout_id"":641361703,""location_latitude"":null,""location_longitude"":null}",32,2026-05-22T22:27:35.197450Z,,2026-05-22T22:27:35.197450Z,140,,1928000,2026-05-22T21:55:22.000000Z,,,,,401109,285965744,,https://firebasestorage.googleapis.com/v0/b/gymrats-1549569453212.appspot.com/o/dancing.png?alt=media&token=a1a52b15-9380-4c96-bdb4-b11f9e52680f,1,,
641408796,v2,,Bike + abs,-04:00,1056,"{""id"":132201511,""updated_at"":""2026-05-23T12:11:49"",""created_at"":""2026-05-22T22:54:18"",""workout_id"":641408796,""location_latitude"":null,""location_longitude"":null}",41,2026-05-22T22:54:18.404689Z,,2026-05-22T22:54:18.404689Z,375,12,2487000,2026-05-22T22:11:07.000000Z,,,,,1798391,285986676,,https://cdn.gymrats.app/8801f201-c7f2-4f4f-8053-b410ab2cfcc3.jpg,1,,
641603303,v2,,Musculação Tradicional,America/Sao_Paulo,,"{""id"":132396017,""updated_at"":""2026-05-23T01:02:08"",""created_at"":""2026-05-23T01:02:08"",""workout_id"":641603303,""location_latitude"":null,""location_longitude"":null}",68,2026-05-23T01:04:50.807127Z,,2026-05-23T01:02:08.178357Z,384,,4106541,2026-05-22T21:48:25.000000Z,,,,,7541260,286073153,,https://cdn.gymrats.app/b2d4db5a-5cfa-4a06-bd9b-8b60d5cf61df.jpg,1,,
641732920,v2,,Fortaleza - 23/05 Sab - CORRIDA RODAGEM 15 K,-03:00,14372,"{""id"":132525634,""updated_at"":""2026-05-23T13:00:59"",""created_at"":""2026-05-23T10:03:33"",""workout_id"":641732920,""location_latitude"":null,""location_longitude"":null}",84,2026-05-23T10:14:18.194597Z,,2026-05-23T10:03:33.507136Z,1180,15,5040000,2026-05-23T08:36:43.000000Z,,,,,255289,286131088,,https://cdn.gymrats.app/3db1cbda-3318-477f-817b-a6e04bd7b443.jpg,1,,
641808318,v2,,Cardiovascular,-03:00,272,"{""id"":132601031,""updated_at"":""2026-05-23T12:12:00"",""created_at"":""2026-05-23T12:12:00"",""workout_id"":641808318,""location_latitude"":null,""location_longitude"":null}",54,2026-05-23T12:12:00.588900Z,,2026-05-23T12:12:00.588900Z,142,,3291000,2026-05-23T11:16:17.000000Z,,,,,401109,286164742,,https://firebasestorage.googleapis.com/v0/b/gymrats-1549569453212.appspot.com/o/dancing.png?alt=media&token=a1a52b15-9380-4c96-bdb4-b11f9e52680f,1,,
641857479,v2,,HIIT do cão. Spoiler: não vale a pena,Etc/GMT+4,,"{""id"":132650192,""updated_at"":""2026-05-23T13:00:18"",""created_at"":""2026-05-23T13:00:18"",""workout_id"":641857479,""location_latitude"":null,""location_longitude"":null}",31,2026-05-23T13:00:18.493560Z,,2026-05-23T13:00:18.493560Z,283,"11,73",1863000,2026-05-23T12:26:09.000000Z,,,,,1798219,286186561,,https://cdn.gymrats.app/f9e235a3-d840-4ad0-91f9-b53f0d66b54d.jpg,1,,
642188150,v2,,Bike + abs,-04:00,334,"{""id"":132980859,""updated_at"":""2026-05-23T17:08:38"",""created_at"":""2026-05-23T17:08:38"",""workout_id"":642188150,""location_latitude"":null,""location_longitude"":null}",36,2026-05-23T17:08:38.573437Z,,2026-05-23T17:08:38.573437Z,231,,2192000,2026-05-23T14:54:28.000000Z,,,,,1798391,286331690,,https://cdn.gymrats.app/46a15254-de7a-491e-9323-264e614469cc.jpg,1,,
642286369,v2,,Treino do tolo,-03:00,,"{""id"":133079078,""updated_at"":""2026-05-23T19:10:26"",""created_at"":""2026-05-23T19:10:26"",""workout_id"":642286369,""location_latitude"":null,""location_longitude"":null}",61,2026-05-23T19:13:34.957474Z,,2026-05-23T19:10:26.438378Z,368,,3688000,2026-05-23T18:07:34.000000Z,,,,,255289,286374983,,https://firebasestorage.googleapis.com/v0/b/gymrats-1549569453212.appspot.com/o/hiit.png?alt=media&token=23609314-e08f-4c57-9e3d-a4883a853a92,1,,
642289220,v2,,Weight machine,-03:00,,"{""id"":133081929,""updated_at"":""2026-05-23T19:14:03"",""created_at"":""2026-05-23T19:14:03"",""workout_id"":642289220,""location_latitude"":null,""location_longitude"":null}",63,2026-05-23T19:14:43.635541Z,,2026-05-23T19:14:03.031732Z,368,,3814000,2026-05-23T18:07:44.310000Z,,,,,1987925,286376249,,https://cdn.gymrats.app/4cc16763-21ce-4db3-a444-7e6511f70c25.jpg,1,,
642935283,v2,,Traditional Strength Training,America/Fortaleza,,"{""id"":133727988,""updated_at"":""2026-05-24T16:55:53"",""created_at"":""2026-05-24T16:55:53"",""workout_id"":642935283,""location_latitude"":null,""location_longitude"":null}",81,2026-05-24T16:55:53.001813Z,,2026-05-24T16:55:53.001813Z,380,,4881070,2026-05-24T13:18:13.000000Z,,,,,5912814,286662502,,https://firebasestorage.googleapis.com/v0/b/gymrats-1549569453212.appspot.com/o/fst.png?alt=media&token=55dd8146-cb7e-4729-a577-e4b8a315c91d,1,,
643056482,v2,Se n valer besteira,Trilhazinha top,-04:00,3294,"{""id"":133849186,""updated_at"":""2026-05-24T20:32:25"",""created_at"":""2026-05-24T20:32:25"",""workout_id"":643056482,""location_latitude"":null,""location_longitude"":null}",55,2026-05-24T20:32:25.804243Z,,2026-05-24T20:32:25.804243Z,294,"1,76",3354000,2026-05-24T14:32:29.000000Z,,,,,1798391,286715900,,https://cdn.gymrats.app/1667f8d0-d46f-4f25-933c-681555c65bd1.jpg,1,,
643257284,v2,,No mato ,America/Indiana/Indianapolis,,"{""id"":134049985,""updated_at"":""2026-05-25T02:08:06"",""created_at"":""2026-05-25T02:08:06"",""workout_id"":643257284,""location_latitude"":""39.13218118582342"",""location_longitude"":""-86.49505579617028""}",57,2026-05-25T02:11:00.939835Z,,2026-05-25T02:08:06.774736Z,104,"2,22",3478136,2026-05-24T14:32:40.000000Z,,,,,1798219,286805511,,https://cdn.gymrats.app/2beafc0d-d35a-492e-98bc-a3620fa53d81.jpg,1,,
643631294,v2,,Dando um susto,Europe/Madrid,,"{""id"":134423993,""updated_at"":""2026-05-25T14:26:28"",""created_at"":""2026-05-25T14:26:28"",""workout_id"":643631294,""location_latitude"":null,""location_longitude"":null}",,2026-05-25T14:26:28.488011Z,,2026-05-25T14:26:28.488011Z,,,,2026-05-25T14:26:19.760951Z,,,,,535190,286972335,,https://cdn.gymrats.app/7154485d-e799-49ac-a1d6-dfa1d483fe11.jpg,0,,
643871526,v2,45min de bike - treino com foco no target Z2 e Z3. Mais cedo também fiz uma caminhada no parque e joguei aqui no checkin também. ,Feriadooooo,America/Indiana/Indianapolis,,"{""id"":134664225,""updated_at"":""2026-05-25T19:07:36"",""created_at"":""2026-05-25T19:07:36"",""workout_id"":643871526,""location_latitude"":null,""location_longitude"":null}",90,2026-05-25T19:09:37.934406Z,,2026-05-25T19:07:36.955064Z,424,"21,87",5427565,2026-05-25T15:05:26.000000Z,,,,,1798219,287079957,,https://cdn.gymrats.app/42db3ba0-29d1-4061-8fee-3a2ad36ebb73.jpg,2,,
644146149,v2,,Votando no frio ,America/Sao_Paulo,,"{""id"":134938845,""updated_at"":""2026-05-25T22:06:10"",""created_at"":""2026-05-25T22:06:10"",""workout_id"":644146149,""location_latitude"":null,""location_longitude"":null}",,2026-05-25T22:06:10.122766Z,,2026-05-25T22:06:10.122766Z,,,,2026-05-25T22:05:59.000000Z,,,,,2241048,287202889,,https://cdn.gymrats.app/be8b16ad-d7ce-4071-b450-0e38f0147b6b.jpg,0,,
644369722,v2,,Traditional Strength Training,America/Fortaleza,,"{""id"":135162414,""updated_at"":""2026-05-25T23:28:42"",""created_at"":""2026-05-25T23:28:42"",""workout_id"":644369722,""location_latitude"":null,""location_longitude"":null}",98,2026-05-25T23:28:42.211631Z,,2026-05-25T23:28:42.211631Z,519,,5939540,2026-05-25T21:48:54.000000Z,,,,,5912814,287302073,,https://firebasestorage.googleapis.com/v0/b/gymrats-1549569453212.appspot.com/o/fst.png?alt=media&token=55dd8146-cb7e-4729-a577-e4b8a315c91d,1,,
644371236,v2,,Aulas,America/Fortaleza,,"{""id"":135163928,""updated_at"":""2026-05-25T23:29:13"",""created_at"":""2026-05-25T23:29:13"",""workout_id"":644371236,""location_latitude"":null,""location_longitude"":null}",98,2026-05-25T23:29:13.550670Z,,2026-05-25T23:29:13.550670Z,519,,5939540,2026-05-25T21:48:54.000000Z,,,,,5912814,287302742,,https://cdn.gymrats.app/4af726a8-5b45-47df-b6e4-faabda0dfd60.jpg,1,,
644373742,v2,,Bike + iso,-04:00,,"{""id"":135166434,""updated_at"":""2026-05-25T23:30:11"",""created_at"":""2026-05-25T23:30:11"",""workout_id"":644373742,""location_latitude"":null,""location_longitude"":null}",40,2026-05-25T23:30:11.618428Z,,2026-05-25T23:30:11.618428Z,292,11,2430000,2026-05-25T22:47:31.000000Z,,,,,1798391,287303852,,https://cdn.gymrats.app/8d12f6fc-1fc1-45ea-9aa1-d460d040a845.jpg,1,,
644386701,v2,,Table tennis,-03:00,2850,"{""id"":135179393,""updated_at"":""2026-05-26T00:27:34"",""created_at"":""2026-05-25T23:35:00"",""workout_id"":644386701,""location_latitude"":null,""location_longitude"":null}",76,2026-05-25T23:59:45.255932Z,,2026-05-25T23:35:00.129459Z,913,,4578000,2026-05-25T21:59:16.000000Z,,,,,255289,287309553,,https://cdn.gymrats.app/1235b079-9fb3-4f4d-b64c-7b52a14e6fcf.jpg,1,,
644743192,v2,,Teve,America/Sao_Paulo,,"{""id"":135535878,""updated_at"":""2026-05-26T03:19:49"",""created_at"":""2026-05-26T03:19:49"",""workout_id"":644743192,""location_latitude"":null,""location_longitude"":null}",60,2026-05-26T03:19:49.416098Z,,2026-05-26T03:19:49.416098Z,,,3600000,2026-05-25T23:18:00.000000Z,,,,,7538297,287467567,,https://cdn.gymrats.app/18619ecd-2e0d-450f-b2e8-54510676ff4f.jpg,1,,
644837984,v2,,"10k viraram 5,5 e ta tudo bem escute o seu corpo etc",-03:00,5242,"{""id"":135630668,""updated_at"":""2026-05-26T09:52:29"",""created_at"":""2026-05-26T09:52:29"",""workout_id"":644837984,""location_latitude"":null,""location_longitude"":null}",30,2026-05-26T09:53:26.796358Z,,2026-05-26T09:52:29.171601Z,405,"5,55",1812000,2026-05-26T09:21:35.000000Z,,,,,255289,287510217,,https://cdn.gymrats.app/3df73105-3914-4942-a595-d6480d73eaf8.jpg,1,,
644880721,v2,,"Se a blusa ta ao avesso, vai ao avesso mesmo",-03:00,,"{""id"":135673404,""updated_at"":""2026-05-26T10:21:15"",""created_at"":""2026-05-26T10:21:15"",""workout_id"":644880721,""location_latitude"":null,""location_longitude"":null}",26,2026-05-26T10:21:41.399402Z,,2026-05-26T10:21:15.484768Z,240,,1606000,2026-05-26T09:54:02.000000Z,,,,,255289,287529133,,https://cdn.gymrats.app/e042da8d-d8a3-4fc9-a980-f5e9cdb7b037.jpg,1,,
645044615,v2,,Fui,-03:00,10,"{""id"":135837295,""updated_at"":""2026-05-26T12:25:25"",""created_at"":""2026-05-26T12:25:25"",""workout_id"":645044615,""location_latitude"":null,""location_longitude"":null}",55,2026-05-26T12:25:25.054451Z,,2026-05-26T12:25:25.054451Z,258,,3317000,2026-05-26T10:36:33.000000Z,,,,,2241048,287601723,,https://firebasestorage.googleapis.com/v0/b/gymrats-1549569453212.appspot.com/o/fst.png?alt=media&token=55dd8146-cb7e-4729-a577-e4b8a315c91d,1,,
645051376,v2,,Costaebic,-04:00,300,"{""id"":135844056,""updated_at"":""2026-05-26T12:32:03"",""created_at"":""2026-05-26T12:32:03"",""workout_id"":645051376,""location_latitude"":null,""location_longitude"":null}",40,2026-05-26T12:32:03.979693Z,,2026-05-26T12:32:03.979693Z,152,,2410000,2026-05-26T11:32:31.000000Z,,,,,1798391,287604743,,https://cdn.gymrats.app/4e53443b-f7bb-4cef-b9b5-50aac0295879.jpg,1,,
645077157,v2,,Boxing,-03:00,,"{""id"":135869837,""updated_at"":""2026-05-26T12:58:28"",""created_at"":""2026-05-26T12:58:28"",""workout_id"":645077157,""location_latitude"":null,""location_longitude"":null}",56,2026-05-26T12:58:48.919474Z,,2026-05-26T12:58:28.875731Z,411,,3379000,2026-05-26T10:25:58.452000Z,,,,,1987925,287616158,,https://cdn.gymrats.app/131b9521-9d87-4310-86c6-3bcb6ddd4ecf.jpg,1,,
645093033,v2,,"Peito, tríceps e cardiozim ",America/Indiana/Indianapolis,,"{""id"":135885713,""updated_at"":""2026-05-26T13:14:38"",""created_at"":""2026-05-26T13:14:38"",""workout_id"":645093033,""location_latitude"":null,""location_longitude"":null}",56,2026-05-26T13:14:38.762798Z,,2026-05-26T13:14:38.762798Z,232,"6,16",3412747,2026-05-26T11:34:19.000000Z,,,,,1798219,287623257,,https://cdn.gymrats.app/79589e4e-605a-42b4-982b-ebd80274a717.jpg,2,,
645458649,v2,,Crossfit no almoço é estranho,America/Sao_Paulo,,"{""id"":136251326,""updated_at"":""2026-05-28T02:07:05"",""created_at"":""2026-05-26T20:07:29"",""workout_id"":645458649,""location_latitude"":null,""location_longitude"":null}",60,2026-05-26T20:07:29.931352Z,,2026-05-26T20:07:29.931352Z,,,3600000,2026-05-26T16:06:00.000000Z,,,,,7538297,287787306,,https://cdn.gymrats.app/f1aa7e39-9d48-4bf4-b923-f0dcd947a8e6.jpg,1,,
645572782,v2,,Cardiovascular,-03:00,226,"{""id"":136365458,""updated_at"":""2026-05-26T21:22:16"",""created_at"":""2026-05-26T21:22:16"",""workout_id"":645572782,""location_latitude"":null,""location_longitude"":null}",54,2026-05-26T21:22:16.051713Z,,2026-05-26T21:22:16.051713Z,137,,3259000,2026-05-26T20:27:48.000000Z,,,,,401109,287838454,,https://firebasestorage.googleapis.com/v0/b/gymrats-1549569453212.appspot.com/o/dancing.png?alt=media&token=a1a52b15-9380-4c96-bdb4-b11f9e52680f,1,,
646545931,v2,,"Costas, bíceps e micro cardio ",Etc/GMT+4,,"{""id"":137338601,""updated_at"":""2026-05-27T12:27:17"",""created_at"":""2026-05-27T12:27:17"",""workout_id"":646545931,""location_latitude"":null,""location_longitude"":null}",51,2026-05-27T12:27:17.660409Z,,2026-05-27T12:27:17.660409Z,217,"4,35",3107484,2026-05-27T11:02:31.000000Z,,,,,1798219,288271079,,https://cdn.gymrats.app/42c74326-3be1-4451-bff4-427ecea1d5b1.jpg,2,,
646682206,v2,,Ombroabs,-04:00,288,"{""id"":137474878,""updated_at"":""2026-05-27T14:59:03"",""created_at"":""2026-05-27T14:59:03"",""workout_id"":646682206,""location_latitude"":null,""location_longitude"":null}",33,2026-05-27T14:59:03.376340Z,,2026-05-27T14:59:03.376340Z,161,,2023000,2026-05-27T11:31:39.000000Z,,,,,1798391,288332068,,https://cdn.gymrats.app/847e4921-c137-4c1b-9c83-f44d237e494e.jpg,1,,
647268676,v2,,Esqueci o post ,America/Sao_Paulo,,"{""id"":138061341,""updated_at"":""2026-05-27T22:57:08"",""created_at"":""2026-05-27T22:57:08"",""workout_id"":647268676,""location_latitude"":null,""location_longitude"":null}",45,2026-05-27T22:57:08.724479Z,,2026-05-27T22:57:08.724479Z,200,,2700000,2026-05-27T22:56:23.000000Z,,,,,2241048,288593998,,https://cdn.gymrats.app/fc642cac-750f-49c5-a275-67f1df791409.jpg,1,,
647343953,v2,,Treininho de chinelo ,-03:00,,"{""id"":138136617,""updated_at"":""2026-05-27T23:25:36"",""created_at"":""2026-05-27T23:25:36"",""workout_id"":647343953,""location_latitude"":null,""location_longitude"":null}",47,2026-05-27T23:27:31.928265Z,,2026-05-27T23:25:36.603964Z,281,,2861000,2026-05-27T22:37:34.645000Z,,,,,1987925,288627302,,https://cdn.gymrats.app/b9d0050a-d755-42ee-bda2-f0928baff186.jpg,1,,
647650051,v2,,Nem o tenis aguenta mais,America/Sao_Paulo,,"{""id"":138442711,""updated_at"":""2026-05-28T02:07:58"",""created_at"":""2026-05-28T02:07:58"",""workout_id"":647650051,""location_latitude"":null,""location_longitude"":null}",60,2026-05-28T02:07:58.701471Z,,2026-05-28T02:07:58.701471Z,,,3600000,2026-05-27T23:07:00.000000Z,,,,,7538297,288763162,,https://cdn.gymrats.app/0b237954-6d49-48bb-8165-122e3dad9b24.jpg,1,,
