id,updated_at,created_at,account_id,workout_id,reaction
115782112,2026-05-04T11:04:26,2026-05-04T11:04:26,1798219,616983236,🦩
115784042,2026-05-04T11:15:40,2026-05-04T11:15:40,1987925,616983236,💪
115775644,2026-05-04T10:17:07,2026-05-04T10:17:07,5912814,616983236,🐀
115774604,2026-05-04T10:09:24,2026-05-04T10:09:24,7538297,616983236,🔥
115781773,2026-05-04T11:02:46,2026-05-04T11:02:46,51123,616991569,💖
115782185,2026-05-04T11:04:50,2026-05-04T11:04:50,1798219,616991569,🔥
115784033,2026-05-04T11:15:37,2026-05-04T11:15:37,1987925,616991569,💪
115800176,2026-05-04T12:59:19,2026-05-04T12:59:19,3941595,616991569,🔥
115775634,2026-05-04T10:17:02,2026-05-04T10:17:02,5912814,616991569,❤️‍🔥
115792680,2026-05-04T12:09:09,2026-05-04T12:09:09,1798219,617069835,❤️‍🔥
115788304,2026-05-04T11:41:45,2026-05-04T11:41:45,3875036,617069835,💪
115800191,2026-05-04T12:59:26,2026-05-04T12:59:26,3941595,617069835,💪
115783933,2026-05-04T11:15:10,2026-05-04T11:15:10,5912814,617069835,❤️‍🔥
115784118,2026-05-04T11:16:06,2026-05-04T11:16:06,7538297,617069835,❤️‍🔥
115829330,2026-05-04T16:34:27,2026-05-04T16:34:27,51123,617136817,❤️‍🔥
115818360,2026-05-04T15:18:13,2026-05-04T15:18:13,1798391,617136817,❤️‍🔥
115796518,2026-05-04T12:34:00,2026-05-04T12:34:00,1987925,617136817,❤️‍🔥
115793008,2026-05-04T12:11:38,2026-05-04T12:11:38,3875036,617136817,❤️‍🔥
115800202,2026-05-04T12:59:32,2026-05-04T12:59:32,3941595,617136817,🔥
115792699,2026-05-04T12:09:20,2026-05-04T12:09:20,7538297,617136817,🔥
115804451,2026-05-04T13:31:10,2026-05-04T13:31:10,1798219,617163530,⚡
115818377,2026-05-04T15:18:20,2026-05-04T15:18:20,1798391,617163530,⚡
116061411,2026-05-05T13:04:38,2026-05-05T13:04:38,1798391,617163530,🦈
115796817,2026-05-04T12:35:56,2026-05-04T12:35:56,7538297,617163530,❤️‍🔥
115829388,2026-05-04T16:34:55,2026-05-04T16:34:55,1798219,617389549,😍
115840094,2026-05-04T17:56:19,2026-05-04T17:56:19,7538297,617389549,❤️‍🔥
115829427,2026-05-04T16:35:11,2026-05-04T16:35:11,1798219,617393025,❤️‍🔥
116178434,2026-05-05T23:02:43,2026-05-05T23:02:43,3875036,617393025,💓
115840101,2026-05-04T17:56:22,2026-05-04T17:56:22,7538297,617393025,❤️‍🔥
115840637,2026-05-04T18:00:44,2026-05-04T18:00:44,1798219,617417617,⚡
115962746,2026-05-05T01:10:19,2026-05-05T01:10:19,1798391,617417617,🦈
115840087,2026-05-04T17:56:17,2026-05-04T17:56:17,7538297,617417617,❤️‍🔥
115840906,2026-05-04T18:02:53,2026-05-04T18:02:53,7541260,617417617,⚡
116010518,2026-05-05T09:06:15,2026-05-05T09:06:15,255289,617451084,👢
115840609,2026-05-04T18:00:33,2026-05-04T18:00:33,1798219,617451084,⚡
115962611,2026-05-05T01:09:56,2026-05-05T01:09:56,1798391,617451084,🦈
115840105,2026-05-04T17:56:24,2026-05-04T17:56:24,7538297,617451084,❤️‍🔥
116122114,2026-05-05T19:37:05,2026-05-05T19:37:05,51123,618062514,❤️‍🔥
116010364,2026-05-05T09:04:57,2026-05-05T09:04:57,255289,618062514,🐀
115962956,2026-05-05T01:10:47,2026-05-05T01:10:47,1798219,618062514,❤️‍🔥
115948250,2026-05-05T00:33:21,2026-05-05T00:33:21,1987925,618062514,❤️‍🔥
115954478,2026-05-05T00:49:24,2026-05-05T00:49:24,7538297,618062514,❤️‍🔥
116010344,2026-05-05T09:04:44,2026-05-05T09:04:44,255289,618272469,⚡
115963001,2026-05-05T01:10:54,2026-05-05T01:10:54,1798219,618272469,⚡
115962426,2026-05-05T01:09:29,2026-05-05T01:09:29,1798391,618272469,🕰️
116212840,2026-05-06T00:12:58,2026-05-06T00:12:58,7541260,618272469,👄
116051084,2026-05-05T12:13:33,2026-05-05T12:13:33,255289,618572658,🫡
116058620,2026-05-05T12:49:53,2026-05-05T12:49:53,1798219,618572658,🫡
116060627,2026-05-05T13:00:27,2026-05-05T13:00:27,1798391,618572658,🦈
116040745,2026-05-05T11:29:00,2026-05-05T11:29:00,3941595,618572658,🫡
116041768,2026-05-05T11:32:45,2026-05-05T11:32:45,7538297,618572658,🫡
116212676,2026-05-06T00:12:40,2026-05-06T00:12:40,7541260,618572658,🏓
116060537,2026-05-05T13:00:01,2026-05-05T13:00:01,1798391,618598487,🦈
116040716,2026-05-05T11:28:54,2026-05-05T11:28:54,3941595,618598487,🫡
116093952,2026-05-05T16:19:46,2026-05-05T16:19:46,5912814,618598487,❤️‍🔥
116041815,2026-05-05T11:32:54,2026-05-05T11:32:54,7538297,618598487,🫡
116212635,2026-05-06T00:12:34,2026-05-06T00:12:34,7541260,618598487,🏓
116122098,2026-05-05T19:37:00,2026-05-05T19:37:00,51123,618599498,💪
116042806,2026-05-05T11:37:03,2026-05-05T11:37:03,255289,618599498,❤️‍🔥
116058586,2026-05-05T12:49:43,2026-05-05T12:49:43,1798219,618599498,❤️‍🔥
116040881,2026-05-05T11:29:32,2026-05-05T11:29:32,3941595,618599498,💪
116041860,2026-05-05T11:33:04,2026-05-05T11:33:04,7538297,618599498,💪
116212715,2026-05-06T00:12:45,2026-05-06T00:12:45,7541260,618599498,💪
116062248,2026-05-05T13:09:19,2026-05-05T13:09:19,51123,618729327,💪
116058605,2026-05-05T12:49:48,2026-05-05T12:49:48,1798219,618729327,❤️‍🔥
116043557,2026-05-05T11:40:27,2026-05-05T11:40:27,1987925,618729327,❤️‍🔥
116178298,2026-05-05T23:02:29,2026-05-05T23:02:29,3875036,618729327,❤️‍🔥
116093946,2026-05-05T16:19:43,2026-05-05T16:19:43,5912814,618729327,❤️‍🔥
116212533,2026-05-06T00:12:23,2026-05-06T00:12:23,7541260,618729327,💪
116062229,2026-05-05T13:09:14,2026-05-05T13:09:14,51123,618819194,💪
116061105,2026-05-05T13:02:59,2026-05-05T13:02:59,255289,618819194,💪
116061286,2026-05-05T13:04:02,2026-05-05T13:04:02,1798391,618819194,💪
116066294,2026-05-05T13:32:52,2026-05-05T13:32:52,1987925,618819194,💪
116194651,2026-05-05T23:37:16,2026-05-05T23:37:16,3875036,618819194,❤️‍🔥
116093936,2026-05-05T16:19:40,2026-05-05T16:19:40,5912814,618819194,💪
116058708,2026-05-05T12:50:15,2026-05-05T12:50:15,7538297,618819194,💪
116212460,2026-05-06T00:12:16,2026-05-06T00:12:16,7541260,618819194,🐀
116061118,2026-05-05T13:03:03,2026-05-05T13:03:03,255289,618828828,💪
116069567,2026-05-05T13:52:31,2026-05-05T13:52:31,1798219,618828828,😍
116194594,2026-05-05T23:37:09,2026-05-05T23:37:09,3875036,618828828,💪
116093931,2026-05-05T16:19:37,2026-05-05T16:19:37,5912814,618828828,❤️‍🔥
116077744,2026-05-05T14:44:00,2026-05-05T14:44:00,7538297,618828828,❤️‍🔥
116212432,2026-05-06T00:12:12,2026-05-06T00:12:12,7541260,618828828,🐙
116062799,2026-05-05T13:12:51,2026-05-05T13:12:51,255289,618840398,👢
116069540,2026-05-05T13:52:23,2026-05-05T13:52:23,1798219,618840398,🦩
116066298,2026-05-05T13:32:54,2026-05-05T13:32:54,1987925,618840398,💪
116185428,2026-05-05T23:17:50,2026-05-05T23:17:50,3875036,618840398,❤️‍🔥
116093901,2026-05-05T16:19:28,2026-05-05T16:19:28,5912814,618840398,🔥
116077732,2026-05-05T14:43:54,2026-05-05T14:43:54,7538297,618840398,🔥
116212157,2026-05-06T00:11:44,2026-05-06T00:11:44,7541260,618840398,🐀
116096626,2026-05-05T16:34:54,2026-05-05T16:34:54,255289,619034130,🚀
116099691,2026-05-05T16:52:55,2026-05-05T16:52:55,1798219,619034130,⚡
116093918,2026-05-05T16:19:33,2026-05-05T16:19:33,1798391,619034130,🦈
116178150,2026-05-05T23:02:08,2026-05-05T23:02:08,3875036,619034130,❤️‍🔥
116212108,2026-05-06T00:11:40,2026-05-06T00:11:40,7541260,619034130,⛵
116142142,2026-05-05T21:18:06,2026-05-05T21:18:06,255289,619340254,🐀
116192156,2026-05-05T23:32:08,2026-05-05T23:32:08,1798219,619340254,⚡
116192561,2026-05-05T23:33:05,2026-05-05T23:33:05,1798391,619340254,🦈
116140513,2026-05-05T21:11:47,2026-05-05T21:11:47,7538297,619340254,🔥
116211986,2026-05-06T00:11:24,2026-05-06T00:11:24,7541260,619340254,🏔️
116218623,2026-05-06T00:24:15,2026-05-06T00:24:15,51123,619620194,🦩
116192238,2026-05-05T23:32:20,2026-05-05T23:32:20,1798219,619620194,❤️‍🔥
116218503,2026-05-06T00:24:04,2026-05-06T00:24:04,7538297,619620194,💪
116211686,2026-05-06T00:10:47,2026-05-06T00:10:47,7541260,619620194,💪
116192094,2026-05-05T23:31:59,2026-05-05T23:31:59,1798219,619630479,⚡
116192515,2026-05-05T23:33:00,2026-05-05T23:33:00,1798391,619630479,🦈
116194452,2026-05-05T23:36:53,2026-05-05T23:36:53,3875036,619630479,🐀
116218024,2026-05-06T00:23:08,2026-05-06T00:23:08,51123,619657961,💪
116218301,2026-05-06T00:23:39,2026-05-06T00:23:39,51123,619657961,🦩
116218426,2026-05-06T00:23:54,2026-05-06T00:23:54,7538297,619657961,💪
116211654,2026-05-06T00:10:44,2026-05-06T00:10:44,7541260,619657961,💪
116240974,2026-05-06T01:12:05,2026-05-06T01:12:05,255289,619766143,🐀
116207480,2026-05-06T00:02:46,2026-05-06T00:02:46,1798219,619766143,⚡
116215864,2026-05-06T00:18:52,2026-05-06T00:18:52,1798391,619766143,😂
116211712,2026-05-06T00:10:50,2026-05-06T00:10:50,7541260,619766143,🐀
116251932,2026-05-06T01:37:42,2026-05-06T01:37:42,1798219,619799735,⚡
116215747,2026-05-06T00:18:37,2026-05-06T00:18:37,1798391,619799735,🦈
116212993,2026-05-06T00:13:14,2026-05-06T00:13:14,7541260,619799735,👄
116215777,2026-05-06T00:18:40,2026-05-06T00:18:40,1798391,619824954,🦈
116218274,2026-05-06T00:23:36,2026-05-06T00:23:36,7538297,619824954,❤️‍🔥
116227988,2026-05-06T00:43:20,2026-05-06T00:43:20,51123,619868064,🦩
116223820,2026-05-06T00:34:46,2026-05-06T00:34:46,7538297,619868064,❤️‍🔥
116231825,2026-05-06T00:51:53,2026-05-06T00:51:53,255289,619876719,🔥
116223721,2026-05-06T00:34:34,2026-05-06T00:34:34,7538297,619876719,🔥
116325183,2026-05-06T12:27:43,2026-05-06T12:27:43,51123,620167228,🦩
116331837,2026-05-06T13:05:50,2026-05-06T13:05:50,1798219,620167228,🦩
116352687,2026-05-06T15:15:26,2026-05-06T15:15:26,7538297,620167228,💪
116335053,2026-05-06T13:24:43,2026-05-06T13:24:43,1798219,620167761,😂
116325344,2026-05-06T12:28:37,2026-05-06T12:28:37,1798391,620167761,😂
116352700,2026-05-06T15:15:33,2026-05-06T15:15:33,7538297,620167761,💪
116325209,2026-05-06T12:27:51,2026-05-06T12:27:51,51123,620306355,🦩
116331858,2026-05-06T13:05:55,2026-05-06T13:05:55,1798219,620306355,🦩
116352677,2026-05-06T15:15:23,2026-05-06T15:15:23,7538297,620306355,❤️‍🔥
116325313,2026-05-06T12:28:23,2026-05-06T12:28:23,51123,620419726,🦩
116325267,2026-05-06T12:28:07,2026-05-06T12:28:07,1798391,620419726,😍
116352660,2026-05-06T15:15:15,2026-05-06T15:15:15,7538297,620419726,❤️‍🔥
116331880,2026-05-06T13:06:10,2026-05-06T13:06:10,1798219,620429375,❤️‍🔥
116352667,2026-05-06T15:15:19,2026-05-06T15:15:19,7538297,620429375,💪
116334479,2026-05-06T13:21:22,2026-05-06T13:21:22,51123,620456293,😍
116331922,2026-05-06T13:06:25,2026-05-06T13:06:25,1798219,620456293,⚡
116343618,2026-05-06T14:17:42,2026-05-06T14:17:42,1798391,620456293,🦈
116336688,2026-05-06T13:34:42,2026-05-06T13:34:42,5912814,620456293,❤️‍🔥
116352653,2026-05-06T15:15:12,2026-05-06T15:15:12,7538297,620456293,❤️‍🔥
116350971,2026-05-06T15:03:24,2026-05-06T15:03:24,255289,620574618,🥳
116352638,2026-05-06T15:15:05,2026-05-06T15:15:05,7538297,620574618,💪
116446675,2026-05-06T23:12:07,2026-05-06T23:12:07,1798391,621106497,🦈
116516170,2026-05-07T01:51:32,2026-05-07T01:51:32,51123,621235136,🦩
116514896,2026-05-07T01:47:12,2026-05-07T01:47:12,255289,621235136,👏
116458751,2026-05-06T23:38:11,2026-05-06T23:38:11,1798219,621235136,❤️‍🔥
116516338,2026-05-07T01:52:02,2026-05-07T01:52:02,51123,621240612,💖
116514717,2026-05-07T01:46:39,2026-05-07T01:46:39,255289,621314570,☄️
116660571,2026-05-07T21:26:09,2026-05-07T21:26:09,1798391,621314570,🇮🇹
116688287,2026-05-07T22:59:52,2026-05-07T22:59:52,7541260,621314570,⚽
116514596,2026-05-07T01:46:15,2026-05-07T01:46:15,255289,621540919,🦿
116512463,2026-05-07T01:40:17,2026-05-07T01:40:17,1798219,621540919,😍
116516676,2026-05-07T01:53:20,2026-05-07T01:53:20,51123,621592926,🕰️
116514477,2026-05-07T01:45:56,2026-05-07T01:45:56,255289,621592926,🦾
116515084,2026-05-07T01:47:51,2026-05-07T01:47:51,1798391,621592926,🦈
116562911,2026-05-07T11:03:40,2026-05-07T11:03:40,1798219,621716230,⚡
116660267,2026-05-07T21:24:37,2026-05-07T21:24:37,1798391,621716230,🦈
116552333,2026-05-07T10:13:19,2026-05-07T10:13:19,3875036,621716230,🫡
116576967,2026-05-07T12:06:58,2026-05-07T12:06:58,7538297,621716230,💪
116562941,2026-05-07T11:03:47,2026-05-07T11:03:47,1798219,621793366,❤️‍🔥
116576956,2026-05-07T12:06:55,2026-05-07T12:06:55,7538297,621793366,💪
116562987,2026-05-07T11:03:55,2026-05-07T11:03:55,1798219,621801857,🦩
116576939,2026-05-07T12:06:51,2026-05-07T12:06:51,7538297,621801857,💪
116588069,2026-05-07T13:05:55,2026-05-07T13:05:55,255289,621936022,🐀
116660203,2026-05-07T21:24:21,2026-05-07T21:24:21,1798391,621936022,😍
116699395,2026-05-07T23:29:09,2026-05-07T23:29:09,2241048,621936022,💪
116576926,2026-05-07T12:06:48,2026-05-07T12:06:48,7538297,621936022,💪
116588152,2026-05-07T13:06:22,2026-05-07T13:06:22,255289,621952050,🐀
116588981,2026-05-07T13:11:13,2026-05-07T13:11:13,1798219,621952050,🐀
116660180,2026-05-07T21:24:12,2026-05-07T21:24:12,1798391,621952050,🦈
116688371,2026-05-07T23:00:07,2026-05-07T23:00:07,7541260,621952050,🐀
116624770,2026-05-07T17:14:41,2026-05-07T17:14:41,255289,622159704,🕊️
116628216,2026-05-07T17:42:11,2026-05-07T17:42:11,1798219,622159704,✅
116699354,2026-05-07T23:29:03,2026-05-07T23:29:03,2241048,622159704,✅
116825818,2026-05-08T13:46:01,2026-05-08T13:46:01,51123,622487006,🦩
116660128,2026-05-07T21:23:56,2026-05-07T21:23:56,255289,622487006,🤱
116704431,2026-05-07T23:41:33,2026-05-07T23:41:33,1798219,622487006,🦩
116699321,2026-05-07T23:28:58,2026-05-07T23:28:58,2241048,622487006,🤰
116688573,2026-05-07T23:00:44,2026-05-07T23:00:44,7541260,622487006,🤰
116659570,2026-05-07T21:21:29,2026-05-07T21:21:29,7644605,622487006,🥰
116660224,2026-05-07T21:24:26,2026-05-07T21:24:26,255289,622491662,🧑‍🦲
116704723,2026-05-07T23:42:13,2026-05-07T23:42:13,1798219,622491662,⚡
116660124,2026-05-07T21:23:54,2026-05-07T21:23:54,1798391,622491662,👨‍🦲
116688539,2026-05-07T23:00:37,2026-05-07T23:00:37,7541260,622491662,🎾
116704329,2026-05-07T23:41:19,2026-05-07T23:41:19,1798219,622694724,⚡
116825808,2026-05-08T13:45:55,2026-05-08T13:45:55,51123,622778034,🦩
116704775,2026-05-07T23:42:23,2026-05-07T23:42:23,1798219,622778034,❤️‍🔥
116765475,2026-05-08T02:45:16,2026-05-08T02:45:16,1798219,623116490,😍
116780515,2026-05-08T09:26:49,2026-05-08T09:26:49,255289,623180555,👢
116812080,2026-05-08T12:18:52,2026-05-08T12:18:52,1798219,623180555,👢
116826985,2026-05-08T13:54:15,2026-05-08T13:54:15,1798391,623180555,👢
116839632,2026-05-08T15:25:32,2026-05-08T15:25:32,5912814,623180555,👢
116825753,2026-05-08T13:45:23,2026-05-08T13:45:23,51123,623240232,🦩
116812096,2026-05-08T12:18:58,2026-05-08T12:18:58,1798219,623240232,✅
116839739,2026-05-08T15:26:08,2026-05-08T15:26:08,5912814,623240232,👧
116825770,2026-05-08T13:45:32,2026-05-08T13:45:32,51123,623402721,🦩
116826951,2026-05-08T13:54:01,2026-05-08T13:54:01,1798391,623402721,💪
116893196,2026-05-08T21:59:58,2026-05-08T21:59:58,1798391,623567212,🦈
117046852,2026-05-09T17:49:39,2026-05-09T17:49:39,51123,623908090,❤️‍🔥
116889363,2026-05-08T21:42:21,2026-05-08T21:42:21,1798219,623908090,❤️‍🔥
116901070,2026-05-08T22:31:31,2026-05-08T22:31:31,1798219,623955814,😍
117110683,2026-05-10T03:49:28,2026-05-10T03:49:28,1798391,624406545,🦈
116974269,2026-05-09T10:36:49,2026-05-09T10:36:49,5912814,624406545,❤️‍🔥
116975049,2026-05-09T10:47:32,2026-05-09T10:47:32,255289,624424509,👢
117110688,2026-05-10T03:49:44,2026-05-10T03:49:44,1798391,624424509,👢
117110699,2026-05-10T03:50:06,2026-05-10T03:50:06,1798391,624424509,💉
117058996,2026-05-09T19:20:20,2026-05-09T19:20:20,3875036,624424509,😍
117046837,2026-05-09T17:49:32,2026-05-09T17:49:32,51123,624767366,💖
117040273,2026-05-09T17:05:55,2026-05-09T17:05:55,255289,624767366,🐀
117058960,2026-05-09T19:20:09,2026-05-09T19:20:09,3875036,624767366,❤️‍🔥
117040197,2026-05-09T17:05:16,2026-05-09T17:05:16,255289,624893987,🌟
117037748,2026-05-09T16:51:46,2026-05-09T16:51:46,1798391,624893987,👨‍🦲
117059030,2026-05-09T19:20:35,2026-05-09T19:20:35,3875036,624893987,🫡
117059560,2026-05-09T19:24:29,2026-05-09T19:24:29,51123,624976721,💖
117110587,2026-05-10T03:45:17,2026-05-10T03:45:17,1798391,624976721,👟
117058857,2026-05-09T19:19:24,2026-05-09T19:19:24,3875036,624976721,😍
117094388,2026-05-10T00:05:20,2026-05-10T00:05:20,7541260,624976721,👟
117060591,2026-05-09T19:33:05,2026-05-09T19:33:05,7644605,624976721,😍
117110559,2026-05-10T03:43:32,2026-05-10T03:43:32,1798391,625091410,🚲
117110577,2026-05-10T03:44:48,2026-05-10T03:44:48,1798391,625092073,😂
117110558,2026-05-10T03:43:26,2026-05-10T03:43:26,1798391,625222980,🚲
